,ds,Population
0,0,156309000.0
1,1,156527000.0
2,2,156731000.0
3,3,156943000.0
4,4,157140000.0
5,5,157343000.0
6,6,157553000.0
7,7,157798000.0
8,8,158053000.0
9,9,158306000.0
10,10,158451000.0
11,11,158757000.0
12,12,158973000.0
13,13,159170000.0
14,14,159349000.0
15,15,159556000.0
16,16,159745000.0
17,17,159956000.0
18,18,160184000.0
19,19,160449000.0
20,20,160718000.0
21,21,160978000.0
22,22,161223000.0
23,23,161453000.0
24,24,161690000.0
25,25,161912000.0
26,26,162124000.0
27,27,162350000.0
28,28,162564000.0
29,29,162790000.0
30,30,163026000.0
31,31,163290000.0
32,32,163570000.0
33,33,163847000.0
34,34,164107000.0
35,35,164349000.0
36,36,164588000.0
37,37,164809000.0
38,38,165018000.0
39,39,165251000.0
40,40,165463000.0
41,41,165695000.0
42,42,165931000.0
43,43,166192000.0
44,44,166473000.0
45,45,166755000.0
46,46,167023000.0
47,47,167270000.0
48,48,167513000.0
49,49,167746000.0
50,50,167977000.0
51,51,168221000.0
52,52,168436000.0
53,53,168659000.0
54,54,168903000.0
55,55,169191000.0
56,56,169488000.0
57,57,169780000.0
58,58,170063000.0
59,59,170315000.0
60,60,170571000.0
61,61,170806000.0
62,62,171029000.0
63,63,171271000.0
64,64,171501000.0
65,65,171741000.0
66,66,171984000.0
67,67,172257000.0
68,68,172538000.0
69,69,172816000.0
70,70,173070000.0
71,71,173298000.0
72,72,173533000.0
73,73,173746000.0
74,74,173945000.0
75,75,174176000.0
76,76,174397000.0
77,77,174639000.0
78,78,174882000.0
79,79,175143000.0
80,80,175413000.0
81,81,175697000.0
82,82,175966000.0
83,83,176207000.0
84,84,176447000.0
85,85,176685000.0
86,86,176905000.0
87,87,177146000.0
88,88,177365000.0
89,89,177591000.0
90,90,177830000.0
91,91,178101000.0
92,92,178376000.0
93,93,178657000.0
94,94,178921000.0
95,95,179153000.0
96,96,179386000.0
97,97,179597000.0
98,98,179788000.0
99,99,180007000.0
100,100,180222000.0
101,101,180444000.0
102,102,180671000.0
103,103,180945000.0
104,104,181238000.0
105,105,181528000.0
106,106,181796000.0
107,107,182042000.0
108,108,182287000.0
109,109,182520000.0
110,110,182742000.0
111,111,182992000.0
112,112,183217000.0
113,113,183452000.0
114,114,183691000.0
115,115,183958000.0
116,116,184243000.0
117,117,184524000.0
118,118,184783000.0
119,119,185016000.0
120,120,185242000.0
121,121,185452000.0
122,122,185650000.0
123,123,185874000.0
124,124,186087000.0
125,125,186314000.0
126,126,186538000.0
127,127,186790000.0
128,128,187058000.0
129,129,187323000.0
130,130,187574000.0
131,131,187796000.0
132,132,188013000.0
133,133,188213000.0
134,134,188387000.0
135,135,188580000.0
136,136,188790000.0
137,137,189018000.0
138,138,189242000.0
139,139,189496000.0
140,140,189761000.0
141,141,190028000.0
142,142,190265000.0
143,143,190472000.0
144,144,190668000.0
145,145,190858000.0
146,146,191047000.0
147,147,191245000.0
148,148,191447000.0
149,149,191666000.0
150,150,191889000.0
151,151,192131000.0
152,152,192376000.0
153,153,192631000.0
154,154,192847000.0
155,155,193039000.0
156,156,193223000.0
157,157,193393000.0
158,158,193540000.0
159,159,193709000.0
160,160,193888000.0
161,161,194087000.0
162,162,194303000.0
163,163,194528000.0
164,164,194761000.0
165,165,194997000.0
166,166,195195000.0
167,167,195372000.0
168,168,195539000.0
169,169,195688000.0
170,170,195831000.0
171,171,195999000.0
172,172,196178000.0
173,173,196372000.0
174,174,196560000.0
175,175,196762000.0
176,176,196984000.0
177,177,197207000.0
178,178,197398000.0
179,179,197572000.0
180,180,197736000.0
181,181,197892000.0
182,182,198037000.0
183,183,198206000.0
184,184,198363000.0
185,185,198537000.0
186,186,198712000.0
187,187,198911000.0
188,188,199113000.0
189,189,199311000.0
190,190,199498000.0
191,191,199657000.0
192,192,199808000.0
193,193,199920000.0
194,194,200056000.0
195,195,200208000.0
196,196,200361000.0
197,197,200536000.0
198,198,200706000.0
199,199,200898000.0
200,200,201095000.0
201,201,201290000.0
202,202,201466000.0
203,203,201621000.0
204,204,201760000.0
205,205,201881000.0
206,206,202023000.0
207,207,202161000.0
208,208,202331000.0
209,209,202507000.0
210,210,202677000.0
211,211,202877000.0
212,212,203090000.0
213,213,203302000.0
214,214,203500000.0
215,215,203675000.0
216,216,203849000.0
217,217,204008000.0
218,218,204156000.0
219,219,204401000.0
220,220,204607000.0
221,221,204830000.0
222,222,205052000.0
223,223,205295000.0
224,224,205540000.0
225,225,205788000.0
226,226,206024000.0
227,227,206238000.0
228,228,206466000.0
229,229,206668000.0
230,230,206855000.0
231,231,207065000.0
232,232,207260000.0
233,233,207462000.0
234,234,207661000.0
235,235,207881000.0
236,236,208114000.0
237,237,208345000.0
238,238,208555000.0
239,239,208740000.0
240,240,208917000.0
241,241,209061000.0
242,242,209212000.0
243,243,209386000.0
244,244,209545000.0
245,245,209725000.0
246,246,209896000.0
247,247,210075000.0
248,248,210278000.0
249,249,210479000.0
250,250,210656000.0
251,251,210821000.0
252,252,210985000.0
253,253,211120000.0
254,254,211254000.0
255,255,211420000.0
256,256,211577000.0
257,257,211746000.0
258,258,211909000.0
259,259,212092000.0
260,260,212289000.0
261,261,212475000.0
262,262,212634000.0
263,263,212785000.0
264,264,212932000.0
265,265,213074000.0
266,266,213211000.0
267,267,213361000.0
268,268,213513000.0
269,269,213686000.0
270,270,213854000.0
271,271,214042000.0
272,272,214246000.0
273,273,214451000.0
274,274,214625000.0
275,275,214782000.0
276,276,214931000.0
277,277,215065000.0
278,278,215198000.0
279,279,215353000.0
280,280,215523000.0
281,281,215768000.0
282,282,215973000.0
283,283,216195000.0
284,284,216393000.0
285,285,216587000.0
286,286,216771000.0
287,287,216931000.0
288,288,217095000.0
289,289,217249000.0
290,290,217381000.0
291,291,217528000.0
292,292,217685000.0
293,293,217861000.0
294,294,218035000.0
295,295,218233000.0
296,296,218440000.0
297,297,218644000.0
298,298,218834000.0
299,299,219006000.0
300,300,219179000.0
301,301,219344000.0
302,302,219504000.0
303,303,219684000.0
304,304,219859000.0
305,305,220046000.0
306,306,220239000.0
307,307,220458000.0
308,308,220688000.0
309,309,220904000.0
310,310,221109000.0
311,311,221303000.0
312,312,221477000.0
313,313,221629000.0
314,314,221792000.0
315,315,221991000.0
316,316,222176000.0
317,317,222379000.0
318,318,222585000.0
319,319,222805000.0
320,320,223053000.0
321,321,223271000.0
322,322,223477000.0
323,323,223670000.0
324,324,223865000.0
325,325,224053000.0
326,326,224235000.0
327,327,224438000.0
328,328,224632000.0
329,329,224843000.0
330,330,225055000.0
331,331,225295000.0
332,332,225547000.0
333,333,225801000.0
334,334,226027000.0
335,335,226243000.0
336,336,226451000.0
337,337,226656000.0
338,338,226849000.0
339,339,227061000.0
340,340,227251000.0
341,341,227522000.0
342,342,227726000.0
343,343,227953000.0
344,344,228186000.0
345,345,228417000.0
346,346,228612000.0
347,347,228779000.0
348,348,228937000.0
349,349,229071000.0
350,350,229224000.0
351,351,229403000.0
352,352,229575000.0
353,353,229761000.0
354,354,229966000.0
355,355,230187000.0
356,356,230412000.0
357,357,230641000.0
358,358,230822000.0
359,359,230989000.0
360,360,231157000.0
361,361,231313000.0
362,362,231470000.0
363,363,231645000.0
364,364,231809000.0
365,365,231992000.0
366,366,232188000.0
367,367,232392000.0
368,368,232599000.0
369,369,232816000.0
370,370,232993000.0
371,371,233160000.0
372,372,233322000.0
373,373,233473000.0
374,374,233613000.0
375,375,233781000.0
376,376,233922000.0
377,377,234118000.0
378,378,234307000.0
379,379,234501000.0
380,380,234701000.0
381,381,234907000.0
382,382,235078000.0
383,383,235235000.0
384,384,235385000.0
385,385,235527000.0
386,386,235675000.0
387,387,235839000.0
388,388,235993000.0
389,389,236160000.0
390,390,236348000.0
391,391,236549000.0
392,392,236760000.0
393,393,236976000.0
394,394,237159000.0
395,395,237316000.0
396,396,237468000.0
397,397,237602000.0
398,398,237732000.0
399,399,237900000.0
400,400,238074000.0
401,401,238270000.0
402,402,238466000.0
403,403,238679000.0
404,404,238898000.0
405,405,239113000.0
406,406,239307000.0
407,407,239477000.0
408,408,239638000.0
409,409,239788000.0
410,410,239928000.0
411,411,240094000.0
412,412,240271000.0
413,413,240459000.0
414,414,240651000.0
415,415,240854000.0
416,416,241068000.0
417,417,241274000.0
418,418,241467000.0
419,419,241620000.0
420,420,241784000.0
421,421,241930000.0
422,422,242079000.0
423,423,242252000.0
424,424,242423000.0
425,425,242608000.0
426,426,242804000.0
427,427,243012000.0
428,428,243223000.0
429,429,243446000.0
430,430,243639000.0
431,431,243809000.0
432,432,243981000.0
433,433,244131000.0
434,434,244279000.0
435,435,244445000.0
436,436,244610000.0
437,437,244806000.0
438,438,245021000.0
439,439,245240000.0
440,440,245464000.0
441,441,245693000.0
442,442,245884000.0
443,443,246056000.0
444,444,246224000.0
445,445,246378000.0
446,446,246530000.0
447,447,246721000.0
448,448,246906000.0
449,449,247114000.0
450,450,247342000.0
451,451,247573000.0
452,452,247816000.0
453,453,248067000.0
454,454,248281000.0
455,455,248479000.0
456,456,248659000.0
457,457,248827000.0
458,458,249012000.0
459,459,249306000.0
460,460,249565000.0
461,461,249849000.0
462,462,250132000.0
463,463,250439000.0
464,464,250751000.0
465,465,251057000.0
466,466,251346000.0
467,467,251626000.0
468,468,251889000.0
469,469,252135000.0
470,470,252372000.0
471,471,252643000.0
472,472,252913000.0
473,473,253207000.0
474,474,253493000.0
475,475,253807000.0
476,476,254126000.0
477,477,254435000.0
478,478,254718000.0
479,479,254964000.0
480,480,255214000.0
481,481,255448000.0
482,482,255703000.0
483,483,255992000.0
484,484,256285000.0
485,485,256589000.0
486,486,256894000.0
487,487,257232000.0
488,488,257548000.0
489,489,257861000.0
490,490,258147000.0
491,491,258413000.0
492,492,258679000.0
493,493,258919000.0
494,494,259152000.0
495,495,259414000.0
496,496,259680000.0
497,497,259963000.0
498,498,260255000.0
499,499,260566000.0
500,500,260867000.0
501,501,261163000.0
502,502,261425000.0
503,503,261674000.0
504,504,261919000.0
505,505,262123000.0
506,506,262352000.0
507,507,262631000.0
508,508,262877000.0
509,509,263152000.0
510,510,263436000.0
511,511,263724000.0
512,512,264017000.0
513,513,264301000.0
514,514,264559000.0
515,515,264804000.0
516,516,265044000.0
517,517,265270000.0
518,518,265495000.0
519,519,265755000.0
520,520,265998000.0
521,521,266270000.0
522,522,266557000.0
523,523,266843000.0
524,524,267152000.0
525,525,267456000.0
526,526,267715000.0
527,527,267943000.0
528,528,268151000.0
529,529,268364000.0
530,530,268595000.0
531,531,268853000.0
532,532,269108000.0
533,533,269386000.0
534,534,269667000.0
535,535,269976000.0
536,536,270284000.0
537,537,270581000.0
538,538,270878000.0
539,539,271125000.0
540,540,271360000.0
541,541,271585000.0
542,542,271821000.0
543,543,272083000.0
544,544,272342000.0
545,545,272622000.0
546,546,272912000.0
547,547,273237000.0
548,548,273553000.0
549,549,273852000.0
550,550,274126000.0
551,551,274372000.0
552,552,274626000.0
553,553,274838000.0
554,554,275047000.0
555,555,275304000.0
556,556,275564000.0
557,557,275836000.0
558,558,276115000.0
559,559,276418000.0
560,560,276714000.0
561,561,277003000.0
562,562,277277000.0
563,563,277526000.0
564,564,277790000.0
565,565,277992000.0
566,566,278198000.0
567,567,278451000.0
568,568,278717000.0
569,569,279001000.0
570,570,279295000.0
571,571,279602000.0
572,572,279903000.0
573,573,280203000.0
574,574,280471000.0
575,575,280716000.0
576,576,280976000.0
577,577,281190000.0
578,578,281409000.0
579,579,281653000.0
580,580,281877000.0
581,581,282126000.0
582,582,282385000.0
583,583,282653000.0
584,584,282932000.0
585,585,283201000.0
586,586,283453000.0
587,587,283696000.0
588,588,283920000.0
589,589,284137000.0
590,590,284350000.0
591,591,284581000.0
592,592,284810000.0
593,593,285062000.0
594,594,285309000.0
595,595,285570000.0
596,596,285843000.0
597,597,286098000.0
598,598,286341000.0
599,599,286570000.0
600,600,286788000.0
601,601,286994000.0
602,602,287190000.0
603,603,287397000.0
604,604,287623000.0
605,605,287864000.0
606,606,288105000.0
607,607,288360000.0
608,608,288618000.0
609,609,288870000.0
610,610,289106000.0
611,611,289313000.0
612,612,289518000.0
613,613,289714000.0
614,614,289911000.0
615,615,290125000.0
616,616,290346000.0
617,617,290584000.0
618,618,290820000.0
619,619,291072000.0
620,620,291321000.0
621,621,291574000.0
622,622,291807000.0
623,623,292008000.0
624,624,292192000.0
625,625,292368000.0
626,626,292561000.0
627,627,292779000.0
628,628,292997000.0
629,629,293223000.0
630,630,293463000.0
631,631,293719000.0
632,632,293971000.0
633,633,294230000.0
634,634,294466000.0
635,635,294694000.0
636,636,294914000.0
637,637,295105000.0
638,638,295287000.0
639,639,295490000.0
640,640,295704000.0
641,641,295936000.0
642,642,296186000.0
643,643,296440000.0
644,644,296707000.0
645,645,296972000.0
646,646,297207000.0
647,647,297431000.0
648,648,297647000.0
649,649,297854000.0
650,650,298060000.0
651,651,298281000.0
652,652,298496000.0
653,653,298739000.0
654,654,298996000.0
655,655,299263000.0
656,656,299554000.0
657,657,299835000.0
658,658,300094000.0
659,659,300340000.0
660,660,300574000.0
661,661,300802000.0
662,662,301021000.0
663,663,301254000.0
664,664,301483000.0
665,665,301739000.0
666,666,302004000.0
667,667,302267000.0
668,668,302546000.0
669,669,302807000.0
670,670,303054000.0
671,671,303287000.0
672,672,303506000.0
673,673,303711000.0
674,674,303907000.0
675,675,304117000.0
676,676,304323000.0
677,677,304556000.0
678,678,304798000.0
679,679,305045000.0
680,680,305309000.0
681,681,305554000.0
682,682,305786000.0
683,683,306004000.0
684,684,306208000.0
685,685,306402000.0
686,686,306588000.0
687,687,306787000.0
688,688,306984000.0
689,689,307206000.0
690,690,307439000.0
691,691,307685000.0
692,692,307946000.0
693,693,308189000.0
694,694,308418000.0
695,695,308633000.0
696,696,308833000.0
697,697,309027000.0
698,698,309212000.0
699,699,309191211.0
700,700,309369053.0
701,701,309548502.0
702,702,309745698.0
703,703,309957775.0
704,704,310176466.0
705,705,310399958.0
706,706,310595764.0
707,707,310781705.0
708,708,310960740.0
709,709,311113376.0
710,710,311265404.0
711,711,311436238.0
712,712,311607080.0
713,713,311791223.0
714,714,311997049.0
715,715,312205367.0
716,716,312429118.0
717,717,312644159.0
718,718,312829523.0
719,719,313009712.0
720,720,313183179.0
721,721,313338977.0
722,722,313499369.0
723,723,313667127.0
724,724,313830530.0
725,725,314017594.0
726,726,314210786.0
727,727,314422341.0
728,728,314646749.0
729,729,314853978.0
730,730,315053863.0
731,731,315232752.0
732,732,315389595.0
733,733,315520143.0
734,734,315662224.0
735,735,315817855.0
736,736,315983654.0
737,737,316171042.0
738,738,316358778.0
739,739,316580327.0
740,740,316806125.0
741,741,317022270.0
742,742,317228026.0
743,743,317411551.0
744,744,317593923.0
745,745,317753883.0
746,746,317917203.0
747,747,318089218.0
748,748,318269505.0
749,749,318464152.0
750,750,318662368.0
751,751,318893786.0
752,752,319125296.0
753,753,319353734.0
754,754,319564209.0
755,755,319746157.0
756,756,319928646.0
757,757,320074511.0
758,758,320230786.0
759,759,320402295.0
760,760,320583972.0
761,761,320773558.0
762,762,320978213.0
763,763,321202450.0
764,764,321427611.0
765,765,321653019.0
766,766,321856265.0
767,767,322043071.0
768,768,322232862.0
769,769,322398098.0
770,770,322551468.0
771,771,322721212.0
772,772,322899995.0
773,773,323088466.0
774,774,323291042.0
775,775,323501361.0
776,776,323709851.0
777,777,323919726.0
778,778,324106527.0
779,779,324274912.0
780,780,324438195.0
781,781,324581497.0
782,782,324713970.0
783,783,324861757.0
784,784,325019199.0
785,785,325186237.0
786,786,325367612.0
787,787,325567716.0
788,788,325766019.0
789,789,325965952.0
790,790,326142633.0
791,791,326301399.0
792,792,326454123.0
793,793,326600823.0
794,794,326736690.0
795,795,326887866.0
796,796,327048704.0
797,797,327219140.0
798,798,327403909.0
799,799,327600250.0
800,800,327794788.0
801,801,327990950.0
802,802,328163864.0
803,803,328318861.0
804,804,328467812.0
805,805,328610744.0
806,806,328742843.0
807,807,328890250.0
808,808,329047319.0
809,809,329213989.0
810,810,329394993.0
811,811,329591333.0
812,812,329785872.0
813,813,329982035.0
814,814,330154949.0
815,815,330309946.0
