Approach,# Train,# Test,Cut,% Cut,Avg Cut Seconds,Std Cut Seconds,Avg Train Seconds,Std Train Seconds,Avg Total Seconds,Std Total Seconds,Avg V1_MAPE,Std V1_MAPE,Avg V1_MAE,Std V1_MAE,Avg V1_MSE,Std V1_MSE,Avg V2_MAPE,Std V2_MAPE,Avg V2_MAE,Std V2_MAE,Avg V2_MSE,Std V2_MSE,Avg V3_MAPE,Std V3_MAPE,Avg V3_MAE,Std V3_MAE,Avg V3_MSE,Std V3_MSE,Avg V4_MAPE,Std V4_MAPE,Avg V4_MAE,Std V4_MAE,Avg V4_MSE,Std V4_MSE,Avg Avg_MAPE,Std Avg_MAPE,Avg Avg_MAE,Std Avg_MAE,Avg Avg_MSE,Std Avg_MSE
Full,407,102,N/A,N/A,N/A,N/A,4.551723384857178,1.0145779756577393,4.551723384857178,1.0145779756577393,0.06672630509994808,0.03088647970466098,0.05991187196003597,0.027814094749301948,0.004916929885269594,0.003455134359250961,0.22484132743512247,0.020061399086749827,0.24225042474969857,0.022454296660043855,0.06334121935557162,0.013122840258476145,350724475439919.2,82279912322292.9,0.2778356505902269,0.008200806660481487,0.11284252015916954,0.009122701620509616,0.3215252990011813,0.0313180033612551,0.34610427185803466,0.01880812258828203,0.2518192643543491,0.02151409033071018,87681118859979.95,20569978080573.234,0.23152555478949902,0.008982944343945943,0.10822998343858996,0.0066205825615340925
Fixed Cut 5.0%,387,102,20,4.914004914004914,N/A,N/A,4.104072618484497,0.48661207472834983,4.104072618484497,0.48661207472834983,0.060387894084104846,0.021485400319242398,0.05404824172785032,0.019116580335183948,0.004397102121524705,0.002091248316739991,0.253443950008491,0.038827701959836806,0.27282504326491397,0.04275200963127196,0.08053777575425262,0.026667314560499627,410166554239821.4,98779907035732.66,0.2824935574644569,0.010404222651880544,0.11009733361740327,0.013042936398835895,0.3290883445668107,0.014245859385939825,0.3478379823095114,0.010413967293041405,0.25147168279693566,0.02671921193779095,102541638559955.5,24694976758933.168,0.2393012061916831,0.016963817792154515,0.11162597357252907,0.010366559772655807
Fixed Cut 10.0%,367,102,40,9.828009828009828,N/A,N/A,4.318677568435669,0.8111068131578049,4.318677568435669,0.8111068131578049,0.0393985173318899,0.014304559266324951,0.035109442161103205,0.012511541721843137,0.0017872460599835356,0.0010884460340421145,0.24964715011510502,0.03869074609012115,0.26824991621541766,0.04263351216494162,0.07742233742714999,0.02546744776023546,480945366707111.9,81784333753996.77,0.2827454202633234,0.008560113216321646,0.09946460146015644,0.007466570896622764,0.3131769099067632,0.011802097423563437,0.340652446373909,0.00917976308105263,0.246791644218,0.018500990665809576,120236341676778.12,20446083438499.19,0.23168930625343828,0.011213256832088838,0.10636645729132248,0.008039505252188663
Fixed Cut 15.0%,346,102,61,14.987714987714988,N/A,N/A,4.844517469406128,0.6350249052474821,4.844517469406128,0.6350249052474821,0.041866046145812075,0.012204859574968497,0.03783449312454027,0.010999646019949759,0.0020584096003282734,0.001031337076630394,0.24254091998245245,0.018698831249671217,0.260554716901501,0.020228716954085197,0.071377445588187,0.011249670088069678,381521229911715.06,111585232607304.08,0.2849712867457695,0.026872743766403872,0.11658956762860677,0.019043182978056062,0.30606022390464377,0.015406599101477752,0.34501998467366285,0.012969546253544002,0.2612938346733321,0.022181006519164208,95380307477928.92,27896308151826.023,0.23209512036136837,0.009796003798352356,0.1128298143726135,0.008688027563962728
Fixed Cut 20.0%,326,102,81,19.901719901719904,N/A,N/A,4.9520947456359865,0.9121207185759536,4.9520947456359865,0.9121207185759536,0.05990615497991375,0.030048398240708173,0.054602655902379345,0.028039126149386164,0.006046900402397785,0.0073725358151169726,0.22346909391297234,0.020293188891082146,0.24121376106686132,0.021891666710743423,0.06284920631083185,0.011104254802278992,322729849959702.4,92902436928937.98,0.28401316510745206,0.02256727152666956,0.1297371358208989,0.0276151302835258,0.29986063757958686,0.011049589526107328,0.35499557110097824,0.011377930245899313,0.2781183440892817,0.01802357270687765,80682462489925.75,23225609232234.484,0.23370628829441772,0.01303853947388438,0.11918789665585257,0.008722888224432611
Fixed Cut 25.0%,306,102,101,24.815724815724817,N/A,N/A,4.75209527015686,0.3434037062559796,4.75209527015686,0.3434037062559796,0.060374353203308966,0.024572457476965605,0.054572064464289874,0.022112636643975316,0.004328393879146848,0.0029207908459558726,0.221238566562583,0.039217314387391164,0.23806086308150334,0.0435886032475872,0.06239960742291986,0.0228505434987673,334673704698373.6,88955566455871.1,0.2824375754255255,0.004845049538322509,0.12129063866659612,0.014925152189183312,0.2982129083841078,0.013201890227574438,0.4163941344265057,0.021486849895454116,0.38601288598954037,0.039134624799172575,83668426174593.56,22238891613967.76,0.2478661593494561,0.01786115267159852,0.14350788148955076,0.015654257340392747
Fixed Cut 30.0%,285,102,122,29.975429975429975,N/A,N/A,5.001001310348511,0.18300330875269863,5.001001310348511,0.18300330875269863,0.06878850988753395,0.022569625317833426,0.06228079836654845,0.020565603532015038,0.005986544920817316,0.00284534903527443,0.21915727038667662,0.025214102728792064,0.2365936963816421,0.02786510366846626,0.061142407978266075,0.014305885685144053,373451533017209.0,105805112942775.72,0.28036807747005266,0.013324641108802838,0.11514204857849676,0.01953233767434507,0.3077431867533692,0.029543952618748072,0.42252863089985954,0.043190608304327874,0.39689233310043404,0.08401751516730106,93362883254302.4,26451278235693.93,0.2504428007795257,0.01254681747078462,0.14479083364450357,0.02317097023373109
Fixed Cut 35.0%,265,102,142,34.88943488943489,N/A,N/A,4.3461021900177,0.5463767063913691,4.3461021900177,0.5463767063913691,0.06449875977410988,0.02866577476285568,0.058523410384816406,0.025979797739783293,0.005323452641166545,0.0034361133869395804,0.20603303697965322,0.027911103314818362,0.22237067304232036,0.031242260818701673,0.05468956754039153,0.01830008557375892,367925003275331.1,81757723216987.67,0.2882288406371328,0.025358505364909977,0.1237524996859258,0.015314130634831051,0.2889138500984117,0.02780952990414382,0.405877011023382,0.03805447923396188,0.37413552064308014,0.06831802676981971,91981250818832.9,20439430804246.93,0.24374998377191295,0.02213130810067589,0.13947526012764094,0.02122205852391372
Fixed Cut 40.0%,245,102,162,39.80343980343981,N/A,N/A,4.212484979629517,0.5357434299850311,4.212484979629517,0.5357434299850311,0.09758736046576635,0.060837857142483055,0.08879217766857175,0.05509334587073027,0.013167541875030364,0.012686986471012515,0.17694342698557813,0.059467603941300656,0.1898254131653292,0.06545454604669736,0.04362293492358356,0.027292980190863594,212584923458851.34,56071702585799.945,0.29512235967870243,0.023054885972914916,0.16405833467967593,0.03464286489047373,0.3075031945070823,0.029454779450271956,0.43408185083508344,0.04154216126021182,0.4231807524024002,0.07440971185603591,53146230864712.984,14017925646449.982,0.25195545033692174,0.014436678559952313,0.16100739097017253,0.022673256447688302
Fixed Cut 45.0%,224,102,183,44.96314496314496,N/A,N/A,4.1567254066467285,0.49450366357526215,4.1567254066467285,0.49450366357526215,0.11408325952409791,0.05040785485248761,0.10522805013752226,0.046707435762813804,0.024357176871334835,0.01866769964028982,0.1347204487974313,0.024089210533334623,0.14348207083228182,0.02658165474138318,0.024543084553697973,0.006858719638829115,248030250811288.84,94367015444781.67,0.4675373443441058,0.04645990516480043,0.4538661614637911,0.1273688973814325,0.2885726502698232,0.036611242381721094,0.6167127375005961,0.07471633631373767,0.8848545604854084,0.19198998720836383,62007562702822.34,23591753861195.414,0.33324005070362644,0.015730828620880818,0.34690524584355814,0.05802089665992043
Fixed Cut 50.0%,204,102,203,49.877149877149876,N/A,N/A,4.389492416381836,0.9725681714698483,4.389492416381836,0.9725681714698483,0.1755183395583369,0.08175281785968427,0.1611999120167976,0.07577284525481502,0.053018295113145784,0.045918396277739026,0.1688332223387343,0.05549450279891145,0.18325784335275488,0.059894585181205225,0.043377294481064026,0.02712678349355454,259171752439972.16,48154023414570.31,0.4479747695676179,0.035800130717946334,0.3980654890564034,0.05272029239425906,0.2910196417929622,0.019773599224228878,0.843626080506478,0.049924973989302575,1.6529593045673012,0.1723380505564914,64792938109993.195,12038505853642.568,0.4090146513609121,0.023293184143946828,0.5368550958044785,0.048800895256688424
Fixed Cut 55.0%,184,102,223,54.791154791154796,N/A,N/A,4.530283832550049,1.1086421187671778,4.530283832550049,1.1086421187671778,0.1194761797200452,0.0753922897269752,0.109635250809253,0.06969851391763411,0.02765817446847533,0.029061463318219617,0.17236779140319158,0.03912148029460048,0.18756515770545934,0.04457191087064925,0.04679771186362168,0.01668165103575494,332212683810786.1,64944889507169.46,0.4418007195000175,0.02810371111036234,0.36164054224273173,0.06854178678760117,0.30304872569897917,0.03731687297062629,0.8709802802417946,0.10291514713507831,1.7456870409179037,0.39392248586618145,83053170952696.69,16236222376792.377,0.40249535206413106,0.03192653307483066,0.5454458673731831,0.09349714367003777
Fixed Cut 60.0%,163,102,244,59.95085995085995,N/A,N/A,3.480584955215454,0.5883487934632162,3.480584955215454,0.5883487934632162,0.13882251645058186,0.06674248115726619,0.12723186215896629,0.061703043591271343,0.03212800748211688,0.02687566869927686,0.13078892892966984,0.04595956733064661,0.14193561274244393,0.051734629406652764,0.030781638570965865,0.025467111038543128,187352317331132.94,43615413482168.41,0.4504702556603328,0.041006679246028695,0.4390006840853126,0.10304894953712979,0.3011578237411876,0.024233898826874385,0.8753078484705363,0.06627413429459651,1.7831591860735292,0.2475687136329658,46838079332783.375,10903853370542.111,0.39873639475806977,0.016160510284702143,0.5712673790529812,0.06114677030706905
Fixed Cut 65.0%,143,102,264,64.86486486486487,N/A,N/A,3.5372836112976076,0.48513590503712894,3.5372836112976076,0.48513590503712894,0.06726065397439665,0.040356249015093514,0.06709900922276511,0.04092442601887082,0.010653125670071088,0.010922054122571663,0.11198337815401918,0.020067136877877232,0.12233327384358975,0.02243806523344675,0.020657652888048224,0.006727239994171068,192797356633758.78,98397939604131.81,0.5515338767972322,0.03799134368868183,0.6731810344515297,0.11439291938225843,0.3342141621853009,0.02134433168054803,0.9551270125056177,0.05813335043007456,2.0582651980455453,0.23392633563041285,48199339158439.82,24599484901032.945,0.4240232930923011,0.014265034340146792,0.6906892527637984,0.03599231561931464
Fixed Cut 70.0%,123,102,284,69.77886977886978,N/A,N/A,2.932270812988281,0.21710867283164573,2.932270812988281,0.21710867283164573,0.09580872366905759,0.07613878836109485,0.0982702442547135,0.07850033778211192,0.026043416368147575,0.03254415376148945,0.1335525447644591,0.05488826002938228,0.14512632133062284,0.060652180680095834,0.03353683326251419,0.025354352156130727,218551209699022.25,53713524252171.98,0.6116725355057449,0.07128579599433618,0.8324742400570511,0.23090902548317427,0.3302200586203654,0.008187586945455835,0.9305645545649803,0.038338182046769025,1.9285087952552924,0.19406320808942285,54637802424755.695,13428381063042.988,0.44640841391401537,0.028462131595506604,0.7051408212357513,0.04195482689898883
Fixed Cut 75.0%,102,102,305,74.93857493857494,N/A,N/A,3.0584874629974363,0.439121747207693,3.0584874629974363,0.439121747207693,0.1213676496122181,0.041254568880391106,0.1250548830811114,0.04207920000289609,0.03221693658595947,0.01836261967776341,0.12343980040252782,0.02117355744732556,0.13431384225754348,0.023539839114489907,0.02534849566424886,0.008841920406997782,220284288078626.28,70530046029753.31,0.5832261138993157,0.050427528799772636,0.7417520110076716,0.13007617534832935,0.3308300249947994,0.03348436293886575,0.9449102333235023,0.0920322942649088,2.030357030192619,0.3684642909653156,55071072019656.72,17632511507438.33,0.4468762681403681,0.017929272522532277,0.7074186183626249,0.1071538814291553
Fixed Cut 80.0%,82,102,325,79.85257985257985,N/A,N/A,3.068640041351318,0.6278394423386096,3.068640041351318,0.6278394423386096,0.08385209766479249,0.03050729462406716,0.08604754923408199,0.03191054215501023,0.015393560010847521,0.01038862334845919,0.12685159499575616,0.031296472971402756,0.13917321175924144,0.03607231417195357,0.02695586826070773,0.013526941546510218,306934139118172.0,80020181661494.03,0.6100311315202289,0.03727791326848781,0.7679285616945933,0.1359744138523602,0.3295491901333026,0.058972900107921784,0.9458847048846766,0.16808193505520755,2.0789810922336702,0.7795670202951993,76733534779543.12,20005045415373.496,0.4452841493495571,0.05302187290356331,0.7223147705499549,0.2226459694314776
Fixed Cut 85.0%,62,102,345,84.76658476658476,N/A,N/A,2.943759632110596,0.3312216348759094,2.943759632110596,0.3312216348759094,0.1022348252523954,0.04032927302503591,0.10501187881829316,0.04170116792195001,0.023671057682608836,0.01537312697422117,0.1424077544246027,0.07974977021442461,0.17674662047175801,0.10195467018384725,0.06050103445894751,0.07636422117108593,138460079858302.5,74248223981846.5,0.9098085349311864,0.0864593872824559,2.0005918684829247,0.32200661634020744,0.34656298412968145,0.02838986935998666,0.9848375316280145,0.06910867126668381,2.1883083026383954,0.27513753082042114,34615019964575.773,18562055995461.65,0.544101141462313,0.058412898993727785,1.0682680658157189,0.1568480346354495
Fixed Cut 90.0%,41,102,366,89.92628992628993,N/A,N/A,3.451797533035278,0.42207408949756264,3.451797533035278,0.42207408949756264,0.4574788931289059,0.11851012598748682,0.5023197120157198,0.12961042607324347,0.5899896846496655,0.27804367440257394,0.3846590919388564,0.12342654615649733,0.48137102204522475,0.15500847273605364,0.4310332797354829,0.29516432601410314,162509164506541.38,90125840781313.06,173.8616894850285,0.27223445037443106,77625.37456216289,236.57190765256664,0.510400787617969,0.06419200849041612,1.4286012088049702,0.1974786661651443,4.578667855435563,1.4310615612110993,40627291126635.69,22531460195328.305,44.06849535697361,0.14903014696333222,19407.743563245673,59.47482237005083
Window L1,307,102,100,24.57002457002457,0.01416792869567871,0.0066331137161729625,3.92657675743103,0.501666144360649,3.940744686126709,0.504160514183736,0.07978087319729792,0.06056079874269255,0.07265539300694343,0.05510507876280604,0.010846746539724585,0.01309026034221364,0.23559383242546944,0.025227398973332787,0.2543896763582962,0.028824041007575088,0.07183233922034275,0.021606351132440613,360189719210057.6,78931771460087.47,0.28366644237912436,0.013216505085547694,0.11870430857921196,0.012928566915275611,0.31271757980555676,0.022179092908820017,0.4331505504926336,0.02544225440047566,0.4172195499396754,0.0443607659362504,90047429802514.55,19732942865021.883,0.2609655155592494,0.012474109438685094,0.15465073606973867,0.010791601061017812
Window L2,312,102,95,23.34152334152334,0.006907892227172851,0.0024584111539251653,3.816190767288208,0.20070940286197891,3.823098659515381,0.2014660465846506,0.0997465523007405,0.03589884500791223,0.09038897191986577,0.03307032340448391,0.012537737017613694,0.010868496095714516,0.24130600641691177,0.038071814884070736,0.26043021948786577,0.0417888846705976,0.07481340152010632,0.024308567969626826,339014309801182.3,64940081491619.02,0.28669884944174273,0.009584957949222338,0.12445043099103151,0.007807788705959934,0.29735952451246145,0.016153102888382224,0.40942804592082815,0.023466997139222637,0.3726129664761938,0.04117953666121743,84753577450295.75,16235020372904.768,0.26173652169257566,0.010156777866407764,0.14610363400123627,0.011706555907827076
Window Normal,137,102,270,66.33906633906635,0.016343355178833008,0.0016273069263577308,3.162622594833374,0.2504930065734415,3.178965950012207,0.2518678425195703,0.07425575959348436,0.03183483981181844,0.07601823390767842,0.033335268373109565,0.01274065542457371,0.010571366019856407,0.1295277992860191,0.05427876554092128,0.14186792817968966,0.0611078607829002,0.03554667038796862,0.03149308594948151,234731148758566.06,119430136309760.64,0.602968080354118,0.06276855057070638,0.8007448109395419,0.19913755398580082,0.32559583963528177,0.03491836870921335,0.9331706727759808,0.09245140720766146,1.9810784596088278,0.3629360963164374,58682787189641.66,29857534077440.16,0.4385062288043666,0.037959078301837944,0.707527649090228,0.11678101772821398
Window RBF,217,102,190,46.68304668304668,0.006652212142944336,0.0006765424011877405,3.4561148643493653,0.4187741635561688,3.4627670764923097,0.41838587052698456,0.07886606617882179,0.03209287676118958,0.07204582117890738,0.02951424208666737,0.009328418976810282,0.006582869322295891,0.14423483537725423,0.05870492060531687,0.15452713094113102,0.06445754180393369,0.031061612517827564,0.02580079485447707,256455942577917.62,122086063454841.12,0.4609856638493095,0.045933865577229685,0.42913128468263223,0.07673347958589764,0.3241223936138366,0.017498424555027516,0.9298017690084607,0.04755598630557416,1.9585315236617489,0.19307932544533454,64113985644479.55,30521515863710.29,0.40434009624445205,0.03685654591046378,0.6070132099597547,0.06947334500642846
Window Cosine,222,102,185,45.45454545454545,0.004523420333862304,0.001060647845436525,3.879854154586792,0.46681156835708254,3.8843775749206544,0.4663458254021041,0.12685292935120052,0.10805144233353307,0.11644577159506417,0.09989645115545621,0.036595735422565695,0.050917024875073595,0.19674430663962886,0.07184152637985705,0.21443667894885182,0.08062539252513232,0.06797868131900245,0.051591960779501636,203488539780400.28,139177809607242.78,0.44290301427730255,0.03857883746707774,0.4201788312437576,0.11632814899126444,0.34070203494717516,0.032446322377392756,0.8493530754963733,0.07956086705637817,1.6188737642772257,0.2919036078000662,50872134945100.24,34794452401810.707,0.40578463507939805,0.029978928499995193,0.5359067530656378,0.0772809087717718
Window Linear,282,102,125,30.71253071253071,0.007653665542602539,0.00034758576850430465,3.798029899597168,0.503264679950888,3.8056835651397707,0.5031874394188849,0.04563599428389943,0.03317825467680411,0.04119847290639216,0.029838415132394415,0.002902579435843668,0.0032417216423728332,0.20599907558480893,0.03748693736155457,0.22229596922344702,0.04131483768304465,0.05501686107942596,0.02077226703518694,407096466265176.7,147475353666743.0,0.2872232813087775,0.01923868823383987,0.12075128355869424,0.02356674787511748,0.28952098845511337,0.019901980890257947,0.40438030815784426,0.029018786153467032,0.36756077505116963,0.05097724653059206,101774116566294.3,36868838416685.74,0.23877450789911528,0.007993916455561849,0.13655787478128337,0.010383074512907263
Window Clinear,287,102,120,29.484029484029485,0.005595970153808594,0.000555997018522657,3.5103684425354005,0.5658498948276619,3.515964412689209,0.5657290525496247,0.08294931863654209,0.02515796299676991,0.07522998772654696,0.023120160521307352,0.008534241286990193,0.006291784262954292,0.20607401153155316,0.022859219841056527,0.22036455687796236,0.024379029700038586,0.05172181709390778,0.011877278550399046,401733939355010.2,43081719672774.35,0.2977565485683753,0.019154120426801893,0.1270419119018175,0.023574365091092325,0.27771404513702014,0.025061558854600628,0.3825735055932619,0.03759003780302388,0.3286954815224267,0.06404383687998641,100433484838752.69,10770429918193.584,0.2439811496915367,0.019405418403108544,0.12899836295128553,0.02191756220980725
Window Rank,127,102,280,68.7960687960688,0.012171792984008788,0.0012919287425822018,2.9584445476531984,0.23092264373996013,2.970616340637207,0.23175319759714383,0.06960774554036794,0.02240965196352053,0.07133625236209425,0.023523606610853082,0.009804227605696509,0.007209246863164168,0.11174788801887059,0.033607225836861626,0.1207345239623818,0.03646363590195909,0.02122757508802332,0.013459073608533403,158265580993077.16,38755209364878.87,0.573946026023035,0.040984130699717396,0.750314883019798,0.11538444011702721,0.33067568096086214,0.024960711243905934,0.9412723050328757,0.06808595141379603,1.9908934980773656,0.27842241137857165,39566395248269.42,9688802341219.729,0.4268222768450966,0.020518958021262364,0.6930600459477209,0.06069916788770562
Window Mahalanobis,122,102,285,70.02457002457002,0.004293203353881836,0.0008706863873802699,3.0680550575256347,0.4680388930227288,3.0723482608795165,0.4673865559983995,0.08655163032597438,0.05205097623590411,0.0884236997379591,0.053911377735358285,0.018836002940783483,0.02219497523611104,0.11579052400255836,0.035931519071668735,0.12620582039757755,0.03944272831984202,0.025511034223850614,0.014783337188516465,204171108045015.94,55696299132878.17,0.5854658071754706,0.05111800093879748,0.7615647872679011,0.15251135771196664,0.3225547410981784,0.02576013742076349,0.9202718306622829,0.06791749289535322,1.9139129928018264,0.2512636766922462,51042777011254.11,13924074783219.57,0.43009178949332244,0.025452719343309834,0.6799562043085904,0.07196991691100987
Window AR,197,102,210,51.5970515970516,0.009242820739746093,0.0009009010225676758,3.2723731994628906,0.42511433602815224,3.2816160202026365,0.42571077324453127,0.10069121029614184,0.06046202914804019,0.09201912512811475,0.055461211728496655,0.016800651132635246,0.019187181413910948,0.1691876753164768,0.07776660062531786,0.18465923615470195,0.08700864091069817,0.05645823246416791,0.059219212995516836,300735437210704.06,105892714608902.66,0.4707438195447275,0.0655138705944149,0.44433069653175766,0.18420469843253545,0.3080286513621248,0.04619951094318893,0.8766433377156752,0.12928586569947143,1.761318546247256,0.4951805938771034,75183859302676.17,26473178652225.664,0.4060163796358048,0.029511285893033506,0.5697270315939543,0.11492419346998954
Window Mean,221,102,186,45.7002457002457,0.08755226135253906,0.007066953808803226,4.423196840286255,0.3653436993677774,4.510749101638794,0.36822529838789486,0.09455200620624099,0.03651363742128227,0.08715569058012893,0.033604399649423765,0.01621417687439482,0.011195238972788015,0.1203106846558898,0.01792635514486779,0.12880597763894389,0.020715993790482373,0.021440684498488197,0.004933589286538299,214405482796810.56,105240666606657.3,0.43576096318312973,0.023414753389512204,0.398196224798252,0.06972146674966416,0.3380309440692719,0.018019700031301007,0.8755864920658684,0.043362167158039235,1.7214911335562482,0.16432459902940824,53601370699202.78,26310166651664.34,0.38182728086701767,0.014872296213566285,0.5393355549318459,0.03639268257496935
Window Median,220,102,187,45.94594594594595,0.08755226135253906,0.007066953808803226,3.887306642532349,0.49377324367742725,3.9748589038848876,0.48788754384223243,0.14005824628852423,0.07896925713446921,0.12842019890333775,0.07332332370675601,0.036414741339649705,0.03863254297387646,0.13388214526595407,0.02198319553254335,0.14338089700082704,0.025564870812913337,0.02547287451640968,0.007854912667237412,256884701781102.28,109103474841669.55,0.46312912987293975,0.022154565073212073,0.43357490092438655,0.08559667439716127,0.2889747683114868,0.01743682286601188,0.8007398997593022,0.04165746051477733,1.4820313144383737,0.13119146233373444,64221175445275.71,27275868710417.387,0.38391753138410173,0.023446603027804106,0.4943734578047049,0.031313168782116145
Binary Segmentation L1,217,102,190,46.68304668304668,0.020335626602172852,0.0028376767953624633,3.381901168823242,0.231596815999327,3.402236795425415,0.23235519830189275,0.12233759777528773,0.054680364570995496,0.11236514654419935,0.051074860071117924,0.028124499161435064,0.023956815257632526,0.15204089376874474,0.038150608010616635,0.1644428433209478,0.042551436688760255,0.033899631728915296,0.01605445629901034,184266336471958.7,54855952742394.89,0.4615752585275766,0.02383731900069447,0.45896465712156054,0.062048924476408814,0.31623221589837247,0.02625454026661532,0.9064126738834124,0.07229946912182104,1.873716103501627,0.28233691061017013,46066584117989.82,13713988185598.738,0.411198980569034,0.028267227645869863,0.5986762228783845,0.07644479407631238
Binary Segmentation L2,222,102,185,45.45454545454545,0.009803009033203126,0.001032727343586516,3.7771655559539794,0.342650425359029,3.7869685649871827,0.34325084557586943,0.05225846318107395,0.019051860112317073,0.04787534229462248,0.017680020173521663,0.004761480896255418,0.0031562536147589576,0.16979959525551588,0.03907771833595106,0.18308228123939468,0.04294511127820592,0.03982339858930337,0.018250290094215606,263127216840687.06,75220394435611.05,0.4159328725193265,0.010310536459332628,0.33881684979019716,0.039162590375128474,0.3132354068663103,0.02706500836828328,0.7892977388368028,0.06524306371479122,1.4169039898856817,0.22368960290711684,65781804210171.9,18805098608902.766,0.3590470587225367,0.01816144345580931,0.45007642979035944,0.05463591704709013
Binary Segmentation Normal,217,102,190,46.68304668304668,0.022918176651000977,0.0005310112578070343,4.083831787109375,0.9766881004998206,4.106749963760376,0.9771297867190599,0.16695617599865745,0.1320107166991982,0.15355876368144353,0.12184938790115808,0.06345864983920141,0.08077363957220486,0.17621739497680794,0.07106494078474622,0.19116374438403685,0.07845395697784446,0.05048601171641621,0.038813497406420386,313422658919810.2,124549063121470.05,0.43391622033209204,0.025446928698247943,0.35873868492972816,0.07963480749399214,0.3045194500835913,0.06917074927934788,0.8822903514907999,0.18246925175072445,1.8536823054742364,0.6642739435124488,78355664729952.72,31137265780367.52,0.415232269972093,0.04615553943119928,0.5815914129898956,0.16723563629566618
Binary Segmentation RBF,222,102,185,45.45454545454545,0.01315913200378418,0.0007072471371517236,3.474906396865845,0.3340995273543112,3.4880655288696287,0.33399730521094395,0.12137726919585984,0.06171799146189561,0.1116469643036869,0.05726355725149187,0.02728261036494174,0.02224898272325017,0.13220858064153404,0.03991762652864641,0.14145590224441018,0.044624218687305824,0.02676648116115942,0.01518110123405103,199486409094215.47,39332043753135.64,0.4492037517777772,0.029619455586795573,0.4254436938637209,0.06950897741240931,0.30136047788510717,0.018346649021875286,0.7639648955493551,0.04313292600863025,1.343667954475096,0.13921450200477292,49871602273554.01,9833010938283.902,0.36656787846880745,0.029285771209922887,0.4557901849662296,0.04350147581610711
Binary Segmentation Cosine,147,102,260,63.882063882063875,0.01148829460144043,0.00046253759218604077,2.7947495937347413,0.13481842198871302,2.806237888336182,0.13508584502188767,0.05567306197127667,0.0404486256846345,0.054202969821322035,0.040126707637692056,0.009937400480675615,0.015394884682627796,0.10457839885996864,0.03473386238591374,0.11308197823570448,0.03821043693825005,0.01731756699548956,0.010581747127098326,188451221054147.44,83089820334521.48,0.5823862329973877,0.04212914251721142,0.7583319995337473,0.1338813653581199,0.3013974818464714,0.03388015892619993,0.8676210353319891,0.09400398181459653,1.7292987055123807,0.3434455902216777,47112805263536.98,20772455083630.37,0.40432305409660074,0.02362393684100153,0.6287214181305733,0.09468787997164665
Binary Segmentation Linear,222,102,185,45.45454545454545,0.011379194259643555,0.0006735797755763999,3.8299028396606447,0.8628307574131899,3.841282033920288,0.8628676472322356,0.06961781356812198,0.04002753966492035,0.06363985705105878,0.03686172524169285,0.007944480754344042,0.007622821990509305,0.1898100136743659,0.06209560706084627,0.20515488149208147,0.06961449962581591,0.05395739978552861,0.034327626989233494,230462495015912.62,81373828614572.36,0.46344960568025517,0.01036465656962586,0.4412457257313484,0.04754188569965946,0.32800522125853476,0.023619222032825887,0.82637412802693,0.056369967067084956,1.553710285991532,0.1983774749674589,57615623753978.305,20343457153643.094,0.38965461806258145,0.023776441041472952,0.5142144730656882,0.0512718605210834
Binary Segmentation Clinear,122,102,285,70.02457002457002,0.010550498962402344,0.00444006048338491,3.1795136451721193,0.309759916575474,3.1900641441345217,0.3094074245959991,0.06237150555273961,0.029206545818662482,0.06386555445882283,0.030191401447164198,0.00905280182972671,0.007529160392150473,0.09018564053877988,0.015242299990131186,0.09693491872513234,0.017677216601256283,0.01290314630479926,0.006246242679455325,283710711393433.4,185245603196399.0,0.5862575956615853,0.05286541889926792,0.7281886277668551,0.17076996930007785,0.314236290695622,0.029538291030143427,0.8951625946728629,0.09015394191487629,1.8222556589647605,0.35525358897304954,70927677848358.47,46311400799099.734,0.4105551658796008,0.026160005614405943,0.6431000587165354,0.12328538829979377
Binary Segmentation Rank,127,102,280,68.7960687960688,0.015561628341674804,0.0015113028330834637,3.0472530364990233,0.2783374453883931,3.0628146648406984,0.27964131654505336,0.1338569646160908,0.07698342246411183,0.13826744491939416,0.07944178272252464,0.04956492383833794,0.052968001629984905,0.10830938753158316,0.04287183743421138,0.11650364777818716,0.047271752193528215,0.024398316396849792,0.018647308354070958,236955791873733.6,114759306484141.77,0.6015848722837386,0.06119089505113349,0.8012388833428697,0.21420698578058692,0.3292997187690213,0.02777423809124529,0.9365956002610302,0.08347891281027382,1.980150829322242,0.37875674872646437,59238947968433.55,28689826621035.457,0.44823789131058744,0.037150806064430095,0.7138382382250748,0.10522956258923322
Binary Segmentation Mahalanobis,127,102,280,68.7960687960688,0.013812589645385741,0.0022667778493971344,3.3788450241088865,0.8202157176907848,3.3926576137542725,0.8221075468844595,0.06470023150689454,0.030999130315544868,0.06632394836785299,0.03181214927196331,0.009573947422479266,0.008365197488449693,0.10532181060931808,0.035045457955812244,0.11452336184822391,0.037806702682753504,0.020129805045480162,0.014554844607793037,213423474904648.53,48818330633439.97,0.5630360351338066,0.032652419734094634,0.6905036536178076,0.0992038659004091,0.31778645792953764,0.03601736247457855,0.9137180463260318,0.09705704296046147,1.915521928664629,0.39211968672072345,53355868726162.26,12204582658359.988,0.4144003479189788,0.01614284972791635,0.6589323336875991,0.08195249806392352
Binary Segmentation AR,222,102,185,45.45454545454545,0.016017723083496093,0.002595617428679041,3.644571399688721,0.5039573891124555,3.6605891227722167,0.5054430185203266,0.12980642235900222,0.10133501275773613,0.11929088231274546,0.0936720228887735,0.03753844985527393,0.05942173965541295,0.16076699439154302,0.06734332457593754,0.17366338539366322,0.07403746883627121,0.040158180683080476,0.029753458946881875,179787879855106.5,62830482335879.484,0.4529390801023085,0.029941222080008538,0.44317405042155533,0.0784790642162938,0.2980800969740465,0.02881526895646081,0.7550299766838787,0.07226056641476833,1.314774039335822,0.2501078210300456,44946969963776.766,15707620583969.879,0.37523083112314903,0.01533864182919772,0.458911180073933,0.05883099761547749
Binary Segmentation Mean,185,102,222,54.54545454545454,0.1450258731842041,0.010293434026106149,4.35361156463623,0.8866806455887115,4.498637437820435,0.892408604722968,0.0993644962919175,0.07109023308618949,0.09136089072662418,0.06560654729442074,0.021487321969616117,0.023800924801643312,0.1570823167803387,0.03498703779422129,0.17044834363123412,0.038981100081313634,0.03744793351246408,0.016810517046717526,263410178884481.12,42552696685982.805,0.47143795090771473,0.042397584778436914,0.4461178409872653,0.08952493222942934,0.3214580601610609,0.03357896383296354,0.9092528816018116,0.08509338321388654,1.8549022356175568,0.31710969835960207,65852544721120.43,10638174171495.709,0.41062501671684615,0.015790496113051673,0.5899888330217257,0.07777407615012963
Binary Segmentation Median,217,102,190,46.68304668304668,0.1450258731842041,0.010293434026106149,3.6873030185699465,1.0136689162719366,3.8323288917541505,1.0169563713331975,0.1331114156117236,0.11431212539653761,0.12204134451726442,0.10579003076542048,0.04332172991204544,0.06901497513909455,0.1781930274067412,0.08296760797304527,0.19232343096461013,0.09212411651333986,0.052588900791098486,0.042275332458228884,253738405942981.56,77690719136301.48,0.4739957937935838,0.02555807049386933,0.4548567080068582,0.06718012751153558,0.2941684082182705,0.015135905500670035,0.8542395675320585,0.04717392699770341,1.7001527982883637,0.18543575792620495,63434601485745.55,19422679784075.363,0.41065003420187923,0.029407197477443216,0.5627300342495914,0.02942381582375061
Bottom Up L1,322,102,85,20.884520884520885,0.010716962814331054,0.002819195857363635,4.094570541381836,1.064547844980283,4.105287504196167,1.067075886331113,0.07661779195664187,0.026391611376028114,0.06883961687524769,0.02412889413118778,0.006379333846237419,0.003930365200696055,0.20994999421482366,0.030648723361666897,0.2255430621229703,0.03397831599509948,0.05522377209274452,0.017216880294760668,298326256843282.6,68391741385394.54,0.2879295357408534,0.014597900756121576,0.13496365713465533,0.006111915205491129,0.33001130531308276,0.028282742124760996,0.38880887838622435,0.025649747326947293,0.3253172918315651,0.038654061619499316,74581564210820.81,17097935346348.645,0.24278027328132393,0.009953823336104062,0.13047101372630054,0.006805995243559087
Bottom Up L2,217,102,190,46.68304668304668,0.006473827362060547,0.002024012645976979,3.761647415161133,0.8146838416249976,3.7681212425231934,0.8159912141053866,0.15219917899448723,0.07663369384607761,0.13963916137595658,0.07092742501433887,0.04003705194321296,0.02951684224172493,0.1645079979814141,0.06458793919320666,0.17823264831981778,0.07143413818055831,0.044086889188490706,0.03461744029552291,240616393312484.84,73643060199026.83,0.4685461314811107,0.040337493493982066,0.44981947731856414,0.07296900553633862,0.2971674237620134,0.02516634883664263,0.8611427717027372,0.07213989011928944,1.7190387091810835,0.28551263015564826,60154098328121.37,18410765049756.703,0.4118901782199055,0.03509559754056135,0.563245531907838,0.07833398098613632
Bottom Up Normal,217,102,190,46.68304668304668,0.010571146011352539,0.0006558398191888064,4.084369325637818,0.489744268264446,4.09494047164917,0.4896121422465618,0.12627486020697698,0.04881375577063666,0.11635125425760579,0.04518982370985483,0.02904040490684666,0.019023361661319287,0.18777983986164987,0.08847556623242972,0.20502252605716273,0.09868815785341235,0.06659427455456128,0.06616666225813513,222685215000597.88,102337680156027.8,0.4460304687058828,0.03201788596220349,0.4158959112112785,0.09630559857148749,0.30851576080452736,0.01841305401904189,0.8927606434741261,0.04888700146925877,1.8328403392490589,0.18618291720244498,55671303750149.625,25584420039006.934,0.4150412231236943,0.02956860766872777,0.5860927324804363,0.05478870765877161
Bottom Up RBF,152,102,255,62.65356265356266,0.005729579925537109,0.000780166187736754,3.3613147735595703,0.4998738216233738,3.3670443534851073,0.5004482666897568,0.15810610890697474,0.07373231876790622,0.14760455541710238,0.06911722122257227,0.04537058261359735,0.028207583870017646,0.12706518985673557,0.04986654202525467,0.13822889114372283,0.05590058667425671,0.028985257120787502,0.02106955581351639,170831668517204.94,106373119488378.25,0.5724547737278272,0.04580544445677183,0.753516776713162,0.1409621813203269,0.33385514742902134,0.04112490205969268,0.9573344817042456,0.10780222455193941,2.089121082206192,0.4222072373313053,42707917129301.39,26593279872094.562,0.4539056754982244,0.043435612653405724,0.7292484246634345,0.10452299889445883
Bottom Up Cosine,232,102,175,42.997542997543,0.004007387161254883,0.0006322672910907414,3.925258159637451,0.9579481081319936,3.929265546798706,0.9581385481471785,0.072126011302362,0.042891055052075355,0.06562039126750145,0.03882592727801083,0.0077815717698616746,0.006855103045188539,0.15209407200524694,0.03679781376026465,0.1639191629391951,0.04113589249636913,0.03230221424562649,0.01814681350808863,149522011200104.88,25822571505741.848,0.3368712465059391,0.03639954463031769,0.2419700032916468,0.06437109967109958,0.3184014504776102,0.027849243006776915,0.4515042145260021,0.03699398918833904,0.4602668977998336,0.0715314565114318,37380502800026.35,6455642876435.46,0.25447875380965945,0.019998677144031467,0.18558017177674216,0.030218265182488824
Bottom Up Linear,177,102,230,56.51105651105651,0.006102657318115235,0.0006486381659178853,3.338028001785278,0.7682007115322006,3.3441306591033935,0.7688451717773025,0.10507311733752181,0.04620274775015075,0.09679714520037147,0.042707795843839505,0.01955405918102079,0.018004525321342967,0.1472601216752349,0.05110768287123479,0.16029399892354793,0.056849495975742924,0.03626217903417047,0.022963108068437838,249753603498380.97,93337475019889.2,0.4823239649076882,0.03861337838482913,0.478351168493243,0.09408747119598458,0.3159758749192645,0.024117133316579616,0.8957635254750744,0.05231196228141175,1.795923154797449,0.1635998439209735,62438400874595.39,23334368754972.31,0.4087946586266705,0.027463980839364143,0.5825226403764708,0.06176702080393877
Bottom Up Clinear,307,102,100,24.57002457002457,0.004483747482299805,0.00035393582965844507,3.7916747093200684,0.8853811303877331,3.796158456802368,0.885567615626553,0.0698975817884823,0.029763204003111367,0.06343536038944503,0.027236533351244423,0.007024781807307508,0.005083965999410999,0.23412312266087523,0.045739518265015856,0.25173932081847233,0.050149614156336945,0.06954976643338799,0.031318596647989055,348683135480317.06,125001281404718.17,0.2893045994613558,0.01391262637216002,0.12870894838827054,0.016306282709635838,0.29237390604719055,0.021251974276754494,0.401775587227091,0.024759205501444854,0.3594714368420227,0.04431231220327107,87170783870079.42,31250320351179.547,0.2515637169740911,0.013862133926452963,0.14118873336774715,0.012489371900357827
Bottom Up Rank,142,102,265,65.1105651105651,0.012436485290527344,0.001208250205690096,3.3235084056854247,0.4293392964622447,3.335944890975952,0.43026327134479353,0.11541582709854879,0.043201259300123154,0.11766638075594675,0.04417140496215515,0.02907574187689479,0.02105618416095706,0.10091154360511108,0.04286233036333491,0.10879314557345784,0.047565735788744,0.018217706887337867,0.01571646162745834,184866882614102.03,54974534626229.21,0.5724647888756024,0.06472763088614288,0.7420956955285878,0.21122893401985174,0.32949629543979553,0.019156943211845044,0.9386624556519323,0.05363200316434183,1.980325032459154,0.2147421707272644,46216720653525.65,13743633656557.316,0.43439669271423476,0.019003903188927807,0.6924285441879936,0.032252366528263354
Bottom Up Mahalanobis,142,102,265,65.1105651105651,0.004408025741577148,0.0008544190522650381,3.233372449874878,0.6609269961390953,3.237780475616455,0.6614980331828664,0.08539107454440249,0.04772558751456167,0.08642935372952303,0.04836247639514588,0.01651066412978531,0.020206689620488886,0.08492055876374081,0.0039612426843373925,0.09015484215070681,0.004755169594639737,0.010808018832484279,0.0008014294607757025,182745725340773.72,42215493713753.1,0.6672529191784908,0.06067857949516891,1.024410849754862,0.19136929929953594,0.3267319543330581,0.02031240352587897,0.9358431109175452,0.055717296041011624,1.9843200743314993,0.22500766861185154,45686431335193.555,10553873428438.266,0.44492005649406646,0.0321726187821114,0.7590124017621577,0.09489007411952549
Bottom Up AR,217,102,190,46.68304668304668,0.007138252258300781,0.0015698855508211715,3.799718141555786,0.5823842400469362,3.806856393814087,0.5838919273750729,0.11600097698704813,0.046369794857854696,0.10607000789293232,0.043197346275237136,0.021822378442408384,0.01726796724018921,0.21909489647099614,0.06806102161595995,0.23770672594038292,0.0756837315281016,0.07240465899245689,0.04448513625861905,261110387676214.2,92274556096837.48,0.4589746347711357,0.053762878577577285,0.4326621006019678,0.15067720704292573,0.3087097186007216,0.03647077925779526,0.8858091191411761,0.0978606560288974,1.7966646889202074,0.3468324992093154,65277596919053.72,23068639024209.383,0.42214012193640676,0.04510636493292666,0.5808884567392602,0.09947883514658819
Bottom Up Mean,213,102,194,47.665847665847664,0.07206807136535645,0.010179865851078421,3.288655948638916,0.6169080927131115,3.3607240200042723,0.6268083550838931,0.09494503613147924,0.05856128104888098,0.08679764190802614,0.05387771947154422,0.015925018130640452,0.015917863837646706,0.174792347577303,0.048854781446083184,0.18970239802724767,0.05340942499543071,0.04502004522082982,0.022093585394647366,185494469910959.5,81179224618433.53,0.4930339929456174,0.06843279280055208,0.5431351542891651,0.15461138427654147,0.31344917730542715,0.05239313321290878,0.8989802139222958,0.14121073410052248,1.8694340472157698,0.5741630966587786,46373617477740.016,20294806154608.4,0.4171285617007967,0.05008366619646417,0.6183785662141015,0.16013190525232499
Bottom Up Median,217,102,190,46.68304668304668,0.07206807136535645,0.010179865851078421,3.6529870986938477,0.8770732930841207,3.7250551700592043,0.8869649016222844,0.08188723317773344,0.02591436583120053,0.0746977676590927,0.02443055776528806,0.011119610097575304,0.008877160372261012,0.15712230582967718,0.03233929721071133,0.16973820359035655,0.03711075130925509,0.037183897687990006,0.016536015662191116,341362363794925.94,69425354458925.516,0.43031517131591124,0.046486203023427305,0.3449749761335199,0.10765717051125602,0.29776074922036233,0.033200087944782984,0.859495371030336,0.08304291852065927,1.7092950265012437,0.2769659357726447,85340590948731.62,17356338614731.377,0.3835616283989241,0.0352939446426618,0.5256433776050822,0.08751291430569952
