Approach,# Train,# Test,Cut,% Cut,Avg Cut Seconds,Std Cut Seconds,Avg Train Seconds,Std Train Seconds,Avg Total Seconds,Std Total Seconds,Avg P_MAPE,Std P_MAPE,Avg P_MAE,Std P_MAE,Avg P_MSE,Std P_MSE,Avg PrA_MAPE,Std PrA_MAPE,Avg PrA_MAE,Std PrA_MAE,Avg PrA_MSE,Std PrA_MSE,Avg T_MAPE,Std T_MAPE,Avg T_MAE,Std T_MAE,Avg T_MSE,Std T_MSE,Avg UR_MAPE,Std UR_MAPE,Avg UR_MAE,Std UR_MAE,Avg UR_MSE,Std UR_MSE,Avg VV_MAPE,Std VV_MAPE,Avg VV_MAE,Std VV_MAE,Avg VV_MSE,Std VV_MSE,Avg Avg_MAPE,Std Avg_MAPE,Avg Avg_MAE,Std Avg_MAE,Avg Avg_MSE,Std Avg_MSE
Full,4553,1139,N/A,N/A,N/A,N/A,18.32789053916931,6.119339045924313,18.32789053916931,6.119339045924313,23115922483231.805,13218012713011.148,0.01447442217916971,0.0030542895424811997,0.0008701921100062157,2.328318075303629e-05,0.007469516501798176,0.0027635401712079797,0.007390477061398572,0.0027307706848519815,9.231588874979388e-05,5.0845296412123896e-05,0.09295688894448596,0.002114148850706232,0.06525640502951001,0.001626373907657819,0.006292377133793004,0.0002996199750510963,0.09353575008588248,0.0019355914239415635,0.07190929521573049,0.0027311448755795525,0.008195766606532946,0.000544786065502512,0.3962836829271345,0.02072586062466211,0.08642347567778849,0.0029053332530208694,0.011217847927430583,0.0005448540805311405,4623184496646.469,2643602542602.22,0.049090815032719455,0.0005502751116324243,0.0053336999333025055,0.00017333246333188558
Fixed Cut 5.0%,4326,1139,227,4.985723698660224,N/A,N/A,26.100163650512695,7.048015707362933,26.100163650512695,7.048015707362933,38790008219460.71,14166190521298.486,0.018332348132225826,0.003578905128376554,0.0009029911806134008,3.4694233760818e-05,0.004279629554817888,0.0012917068163328703,0.004233587421437347,0.0012764159236922717,2.8619158021696302e-05,1.6106306565767602e-05,0.09305336634356674,0.0021672708393509553,0.06438410453678808,0.0012254714409396582,0.006248556450211801,0.00027740091726544407,0.09321147872336032,0.001750822705906383,0.07071841457572765,0.0024190487573121995,0.007968147470895252,0.0005120510040584285,0.37549273729240906,0.03329826541185407,0.08406095634707603,0.003079269922939316,0.010897566536331274,0.00031138379753010764,7758001643892.243,2833238104259.6987,0.048345882202650986,0.0011199860147534078,0.0052091761592146825,9.694671251156513e-05
Fixed Cut 10.0%,4098,1139,455,9.99341093784318,N/A,N/A,18.13591980934143,5.427755727812686,18.13591980934143,5.427755727812686,29520132953701.348,20487961479505.36,0.016126815710485572,0.005008157075946636,0.0008926710934423557,8.498477629218068e-05,0.00962018104771573,0.005689287225231013,0.009511667853571788,0.005620448195567223,0.000147109194774416,0.00013011212893605722,0.0949564745294962,0.000722683286630593,0.06468308115088299,0.000544149958209881,0.006497663540770441,0.00011124202439894372,0.0923591379119845,0.0008773664130960837,0.07044012763827166,0.0014330397789405172,0.007914430172018682,0.000307178046160615,0.409175662536016,0.01964485136769897,0.0882674610378681,0.0029468729576307205,0.011592817890667384,0.0005963775494467586,5904026590740.378,4097592295901.0654,0.04980583067821601,0.0019410367791485518,0.005408938378334654,0.0001343825148051385
Fixed Cut 15.0%,3871,1139,682,14.979134636503405,N/A,N/A,26.85170974731445,11.548465304126259,26.85170974731445,11.548465304126259,17469930128877.941,8386194681020.509,0.013032098267832502,0.0019113692267123468,0.0008588509526885497,2.0621423957279125e-05,0.005819962657251352,0.003240224722437604,0.00575027478144735,0.003201096276346042,5.6368841075712494e-05,4.888953738714078e-05,0.09248633758298866,0.0022143221771110384,0.06327185410265015,0.0009734844159792553,0.006208701464416482,0.0003475861947132841,0.09243831326864849,0.0010871157360206295,0.06895169648393443,0.0012992126077132685,0.00759422479674784,0.0002487049165666129,0.3801325049290828,0.03043673381616448,0.08427381307149139,0.003928120372255007,0.010847570052923774,0.0006896430520805751,3493986025775.6914,1677238936204.0928,0.04705594734147116,0.000895544937288748,0.005113143221570471,0.00019425044065052082
Fixed Cut 20.0%,3643,1139,910,19.98682187568636,N/A,N/A,18.43985300064087,6.974506768947248,18.43985300064087,6.974506768947248,29165523673489.344,15939640871040.281,0.016205359407756647,0.0034676663277984697,0.0008930390816739199,5.4181363132900745e-05,0.004873712816746116,0.0018074064045604443,0.0048227257199377075,0.0017830105690050532,4.111908901607239e-05,2.696088377260386e-05,0.09335667240576567,0.0016252568525443676,0.06470012813352988,0.0006881865681003472,0.006304741800800126,0.00021427303828242832,0.09260817836768465,0.002161894943485292,0.06992136809553032,0.0030349908211921056,0.0078005613482451585,0.0006541893703566193,0.38194448790029817,0.04677306662034707,0.08499107214317092,0.005948743048800506,0.011103964182213865,0.0009925818141147177,5833104734697.973,3187928174208.0415,0.04812813069998509,0.0012420561633509327,0.005228685100389827,0.00035003566122671206
Fixed Cut 25.0%,3415,1139,1138,24.994509114869317,N/A,N/A,22.86515016555786,5.104320499461149,22.86515016555786,5.104320499461149,26839361600298.742,13779861001949.59,0.015342184704033469,0.003157933742710591,0.0008646973928180297,2.650074372477178e-05,0.006362578286983393,0.00621257207742828,0.006295832992091537,0.006150089502116083,8.895955786205206e-05,0.00015446408308296088,0.09511586304962333,0.0018637669020728617,0.06449779811761638,0.0009078723498787772,0.006549285168597216,0.0002866565870249968,0.09211871367563276,0.0007630907188166794,0.06999982432249283,0.0016854117780180126,0.007802506716528435,0.0003505781365834837,0.3696979349324799,0.022720183126711653,0.08295937119589644,0.003021139117381716,0.010628374183430692,0.0004847112625809525,5367872320059.851,2755972200389.915,0.04781900226642612,0.0025490320862530573,0.005186764603847285,0.0002283364348890244
Fixed Cut 30.0%,3188,1139,1365,29.98023281352954,N/A,N/A,16.117377471923827,4.527529113725313,16.117377471923827,4.527529113725313,23772840417586.88,11858955506455.945,0.014839628699879353,0.00251294865786362,0.0008877963733890786,4.8985995796271734e-05,0.0065552279971526455,0.002826616970673684,0.006483230800344648,0.0027889011854178576,7.118524166384424e-05,4.9249334505014985e-05,0.09255383046522475,0.002139323805507794,0.06327700893456152,0.0010220540589789054,0.006210232026718971,0.00032155810043740004,0.09237561800333356,0.0012452639356811623,0.06955912780139316,0.0012462128226776923,0.007723716956754973,0.0002787217072228578,0.37219353387300025,0.023538772184001244,0.08332664245847812,0.002991698561729898,0.010674955164931206,0.0004541895772746512,4754568083517.476,2371791101291.183,0.04749712773893135,0.0008422567078014671,0.005113577152691614,0.00018080300462622526
Fixed Cut 35.0%,2960,1139,1593,34.9879200527125,N/A,N/A,19.221306991577148,4.990295774141982,19.221306991577148,4.990295774141982,23660590624488.707,12838378734306.863,0.014552538877452982,0.003166799195929502,0.0008610565930297165,1.981051343790268e-05,0.00640111948763345,0.004316119822334997,0.00632984259127476,0.004274304000189851,8.051160450156364e-05,0.00011352958587071048,0.0955297874366456,0.004013755737709126,0.06520753079566302,0.0023131479517889686,0.006616626845442065,0.0005722192171896373,0.09339932535175356,0.0010263925002696732,0.07068988100602264,0.0017468265053020267,0.007961214272389022,0.00037040533596933127,0.35310029151764283,0.019895952757055812,0.08121509456246281,0.0023758463416665454,0.010432928872218247,0.0003580597543356941,4732118124897.839,2567675746861.372,0.04759897756657523,0.002356485090371865,0.005190467637516121,0.00025506936375466167
Fixed Cut 40.0%,2732,1139,1821,39.99560729189545,N/A,N/A,10.142886638641357,1.267293909937299,10.142886638641357,1.267293909937299,19427116172782.074,14706087500163.389,0.013819617102964418,0.0036203439506723545,0.0008910338023951225,1.5840025842650872e-05,0.008311071754254334,0.0013757112586882648,0.008215677807953623,0.0013589104136286548,9.22748748593253e-05,2.7606932848374663e-05,0.09377955880654357,0.004368201630596944,0.0641598484411961,0.0031443775996275155,0.006423354420088966,0.0005660999061938609,0.09395085113646515,0.0021631781052332956,0.07218461015066535,0.0027318957960206893,0.008284772781038965,0.0005537959129057774,0.3693849035625535,0.0302841429933745,0.08315387542474868,0.003440670034703629,0.010694200682514565,0.0005169680607745471,3885423234556.518,2941217500032.672,0.04830672578550562,0.0010160505662696205,0.005277127312179388,0.00019081885239555604
Fixed Cut 45.0%,2505,1139,2048,44.981330990555676,N/A,N/A,18.25795383453369,4.640183896247603,18.25795383453369,4.640183896247603,31900403455288.516,11631001995992.602,0.01749503976676167,0.003353359649623097,0.0009499560956138361,0.00017849891620669748,0.007504425282050558,0.0031479154095115217,0.007424102666546164,0.0031113505240949672,9.230152687044157e-05,7.159852069706729e-05,0.09546870406094574,0.0015183743754990937,0.06512186824838051,0.0009218612741397959,0.006607409523197465,0.0002386687728263436,0.0926858327780305,0.00215349862474249,0.07094876897037478,0.002377953227366226,0.008037496800004826,0.0005320039320109646,0.3558752473549913,0.028420939755650288,0.08162506431397183,0.0033253706330968035,0.010499464864907453,0.0004617996030284255,6380080691057.799,2326200399198.5166,0.048522968793206986,0.0014123779980925021,0.005237325762118806,0.00022237331421331725
Fixed Cut 50.0%,2277,1139,2276,49.98901822973863,N/A,N/A,11.655963945388795,3.895779292329314,11.655963945388795,3.895779292329314,17575102339702.74,12781841773458.953,0.013608574906927757,0.0031238234694261485,0.0009229045977774815,6.900768881706269e-05,0.009424138175695145,0.006350490843738184,0.009313101617889384,0.006278013813769977,0.0001625018861070162,0.00018064827090317248,0.09679190889815564,0.006256633424775334,0.06494987326087734,0.0031327476580390156,0.0068928501309781474,0.0009502492580777261,0.09535725069084476,0.0016324863509153838,0.07452200746294858,0.0020290441077184837,0.008743269848402938,0.00035810004494410923,0.3727756980987787,0.012886271587123936,0.08358087198753832,0.0017630311934870389,0.010742510676297687,0.0002798813226610197,3515020467940.656,2556368354691.7817,0.049194885847236254,0.0024274984982378526,0.005492807427912655,0.00029000107008382553
Fixed Cut 55.0%,2049,1139,2504,54.99670546892159,N/A,N/A,11.230585193634033,3.414712778011588,11.230585193634033,3.414712778011588,27256441892399.46,7551597508028.181,0.015829036503689733,0.002059934836638875,0.0009372678126061801,8.195509245523098e-05,0.013038239365197003,0.0048706978963953046,0.012896856694434121,0.0048118735114676325,0.0002501347156296445,0.00018199440986023613,0.09471847265239905,0.0027857792294189417,0.0643328604590531,0.0016795752651979534,0.006590624765665558,0.0003778792204660638,0.09541808652384041,0.0024264155929772744,0.07404753937379542,0.0028669979566874767,0.00866236089143889,0.0005791645697641196,0.38319167755056827,0.02059569515085947,0.08484871267555621,0.002705540966740814,0.010937226297643727,0.0005434745352337718,5451288378479.99,1510319501605.6292,0.050391001141305694,0.0007995901984259692,0.005475522896596798,0.0001715827875678418
Fixed Cut 60.0%,1822,1139,2731,59.98242916758182,N/A,N/A,8.898244524002076,1.9441114551664727,8.898244524002076,1.9441114551664727,14552941568771.012,3528482797508.612,0.014073960866901379,0.001110004397929243,0.0010208457139325206,2.9922187880854686e-05,0.010917051420523682,0.005281504350459252,0.010806514738531657,0.005231010432992039,0.00021976274575359682,0.00018256653774797042,0.09572064124959977,0.0026489741597369282,0.06498992667200887,0.0020006066686425288,0.00671088507511646,0.0004031675526812094,0.09754091006483093,0.003727917587653446,0.0761079421525285,0.0038254358997676084,0.009146328578970039,0.0008183958735160672,0.3668231604281167,0.027153616499527227,0.094807110345754,0.003980216312646231,0.01395869599895012,0.0007405315299315358,2910588313754.3105,705696559501.7284,0.052157090955144876,0.0026825151084767115,0.0062113036225445485,0.0003042691194678741
Fixed Cut 65.0%,1594,1139,2959,64.99011640676477,N/A,N/A,11.597723579406738,3.362731018914893,11.597723579406738,3.362731018914893,20193223492129.59,16152307764749.512,0.014263230758765367,0.0034282704204389924,0.0009116896307347338,5.9347692366895824e-05,0.010763469607628542,0.008804881572841785,0.010657810561106961,0.008725560591066609,0.00025475140530273246,0.0003774163234994594,0.095878272294234,0.0033087834105403344,0.06495467222254236,0.0007703537098313574,0.006751475760106205,0.0005151340212789018,0.09933355288174214,0.00927266995829547,0.07812411552138432,0.008878371476197841,0.009564570426071527,0.0019211647271944303,0.3745136738289715,0.030557088458262743,0.09611130216889273,0.004410027307169931,0.014281554593925362,0.0008249319394603025,4038644698426.0254,3230461552949.8965,0.052822226246538345,0.004187362154668209,0.006352808363228111,0.0006447236503420485
Fixed Cut 70.0%,1366,1139,3187,69.99780364594773,N/A,N/A,10.695770740509033,2.6011752442444367,10.695770740509033,2.6011752442444367,44071567931252.58,22520985586585.66,0.0376189913244399,0.004465052558790549,0.007839827517420078,0.0003126411691533303,0.011115600591420608,0.0041855226171196094,0.011009604970664916,0.004152896645842467,0.00020782751993330583,0.00016042474806698118,0.09464152829336497,0.001828509101905338,0.06506426441286572,0.0010421448926029315,0.006630454683191391,0.0002778110712534725,0.0963976548678625,0.004515715456744219,0.07630912696735492,0.0044492795502156434,0.009188123904960951,0.0009441480829358445,0.3712094769290527,0.0368842914755062,0.0956148191413308,0.005307364350323021,0.014176335376659414,0.0009984835052766795,8814313586250.61,4504197117317.126,0.05712336136333131,0.002066538932405612,0.0076085138004330305,0.0005032682065032774
Fixed Cut 75.0%,1139,1139,3414,74.98352734460795,N/A,N/A,8.919536972045899,2.046339574234594,8.919536972045899,2.046339574234594,68391175450645.34,41900982758775.05,0.05306795906392477,0.00925761948341136,0.014453853289130798,0.0004828480182255524,0.015301856253719921,0.010903555687908755,0.01514328750535677,0.01079003640211214,0.0004474431440294589,0.0005837068962820297,0.09471475269160531,0.004462894480352026,0.0654654687873558,0.0029951174246677114,0.006706174426879888,0.0006038584638028249,0.09257740524530088,0.005211867261163453,0.07196425940767538,0.004477266741012421,0.008236852427778288,0.0009566488313594501,0.39226659762670235,0.02133438043468987,0.09864364677834946,0.0039035539746051463,0.01470236553739429,0.000863889228720037,13678235090129.164,8380196551755.009,0.060856924308532456,0.003011886974131273,0.008909337765042546,0.0002705383323328717
Fixed Cut 80.0%,911,1139,3642,79.9912145837909,N/A,N/A,6.403291797637939,1.4201852839944362,6.403291797637939,1.4201852839944362,95141470981696.66,51161295386019.45,0.065167756443635,0.01136100384204414,0.0189415439696109,0.0010179298126819347,0.014938431001540148,0.004677095715966834,0.014780741088359115,0.004628260755844981,0.00035406589421987965,0.00020461537789094627,0.09933645105078864,0.005053488521642266,0.06836257078129453,0.004189740499127084,0.0073645692091317844,0.0007940124148940619,0.09403713951523743,0.0011436112751901247,0.07291783133376077,0.0010942111521929758,0.008432837804271434,0.00020835915670492437,0.4241524610926304,0.01884934659910066,0.10391242450789585,0.0031042968958351325,0.015864749437915698,0.0007163377704942609,19028294196339.426,10232259077203.885,0.06502826483098906,0.002257638931622214,0.010191553263029942,0.0004260421292456649
Fixed Cut 85.0%,683,1139,3870,84.99890182297386,N/A,N/A,4.74269061088562,1.054523052170465,4.74269061088562,1.054523052170465,109578090508726.61,71860830500598.03,0.06850534752993548,0.016747610169222847,0.01913376551450389,0.0010447143866106473,0.01891581719404555,0.010109984539286885,0.018722311119519337,0.009995787038861607,0.0006749843003248908,0.000798031353023578,0.10640979921263119,0.011954433420210495,0.07138123377878362,0.007500698786283671,0.008527776558181738,0.00190131815069936,0.09847223854611876,0.007800736722797802,0.07696083327037222,0.00722877302147482,0.009270066834617084,0.001540172275367246,0.36566811805121796,0.020334062871058024,0.09704564244397866,0.003798106508274015,0.014971018489594456,0.001112406617845715,21915618101745.406,14372166100119.594,0.06652307362851786,0.006224431362192456,0.010515522339444418,0.001155232727364239
Fixed Cut 90.0%,456,1139,4097,89.98462552163409,N/A,N/A,4.250665235519409,0.765250124693735,4.250665235519409,0.765250124693735,92656376592198.52,44448219598069.016,0.06405790233319407,0.010574466245010872,0.0189724883362919,0.00048024000922669807,0.02394239558279777,0.005598809824927805,0.02369307337602826,0.005532393296952643,0.0008609687966746963,0.0003966501332228222,0.10747512729132443,0.010247323513157238,0.07219063228592455,0.006896470608224557,0.008755064587703322,0.0015620385623690031,0.10672628081864213,0.00583026390843687,0.08532854146690802,0.005795003971545544,0.010943545641084948,0.0012518129622498704,0.4277701979295279,0.04574988733065657,0.10537374078409566,0.007293434236800186,0.016494976188731657,0.0017254035397841858,18531275318439.797,8889643919613.79,0.07012877804923011,0.002494828829243576,0.011205408710097306,0.0004323606102515139
Window L1,158,1139,4395,96.5297605974083,0.1402873992919922,0.002919827706903135,2.5845518589019774,0.20585720814876943,2.7248392581939695,0.2058104748830481,48637634941278.836,15199485922253.271,0.07236789872190258,0.0017181704718985372,0.036630931842883935,0.001874416155903662,0.026511526380139417,0.006672155043393497,0.026229634118693338,0.00660225102578094,0.001021707295498772,0.000497753263450838,0.118526620009504,0.037397393340105715,0.08102771751039728,0.024401007353125063,0.010599070790450239,0.006134844146002685,0.1690802117106104,0.011430810360511625,0.146869689440297,0.00967893259659438,0.028139039048279305,0.002586597529169697,0.6503180614118256,0.10424417649498686,0.15183131908857173,0.023498948557897713,0.031582054013668516,0.008495063058497516,9727526988255.928,3039897184450.655,0.09566525177597246,0.005773794198910769,0.021594560598156155,0.0018753533532484031
Window L2,158,1139,4395,96.5297605974083,0.07385382652282715,0.0036049266599074412,2.6606559276580812,0.24642689630787937,2.734509754180908,0.24691559739530294,106802052185036.44,71880431358615.9,0.0885291483407835,0.017979501965754277,0.0376423106460206,0.003968473798071974,0.0342742098593049,0.01732352955145379,0.03390499321134376,0.0171249919762918,0.0019042733905096122,0.0014858740954119926,0.10490581500525485,0.003135352553606858,0.07147689191229072,0.002420671084119823,0.008214215316097204,0.000501693231019623,0.205033471305026,0.02370854998814557,0.17758983470312478,0.020208007869016418,0.03957378596291234,0.00848111422358225,0.6838698576019469,0.08616146229802718,0.15908159086721746,0.019398273199553236,0.03410170963357323,0.007742388810420887,21360410437007.445,14376086271723.186,0.10611649180695217,0.009425211954648191,0.024287258989822598,0.0027060672430986137
Window Normal,448,1139,4105,90.16033384581594,0.17447142601013182,0.008195244213322416,3.175542974472046,0.08827012748743818,3.350014400482178,0.08165752541735162,67671612438342.266,38661450316065.305,0.059890040215216836,0.0059929630443260554,0.01957095942302132,0.0014488246934987997,0.025014635904775432,0.010811485382935266,0.02476736242126709,0.010722021968550923,0.001050577157589689,0.0009493068144086025,0.12169329443569481,0.02632068962633556,0.08125311121039172,0.017761106912821536,0.011258942662817073,0.00445735251229021,0.11286918964897695,0.00926592218346719,0.0911423985700438,0.007643376232247033,0.012100629921780286,0.001711816576637504,0.3854495431656071,0.018087550890815745,0.09914472960021514,0.002751259412892236,0.015035102027074714,0.0008922986054265137,13534322487668.553,7732290063213.057,0.07123952840342691,0.005471226519217635,0.011803242238456621,0.0007501316264466181
Window RBF,158,1139,4395,96.5297605974083,0.6800502300262451,0.016622174394700776,2.5178921699523924,0.18263421717034725,3.1979423999786376,0.16693311738549563,101751982940224.88,31627779652542.207,0.08288511554045448,0.006243249008281843,0.03469344527841701,0.0032776503429949757,0.02812462045571063,0.006565803600350443,0.027832737254645176,0.00647332464250827,0.001173272518051454,0.0004997873088844315,0.10159308138707585,0.004523910465558182,0.06950660524206657,0.002861127314025716,0.0077190381190936075,0.0006418362112096371,0.17593951670015623,0.020438442875883447,0.15267480296063446,0.017619758133353928,0.030221484029022444,0.005503646879529336,0.5927859159190343,0.048360226218477284,0.13855747390179732,0.010519853492231059,0.026092329552529787,0.003671648120752142,20350396588045.11,6325555930508.443,0.09429134697991964,0.0044883389421816735,0.01997991389942288,0.001223136766688221
Window Cosine,158,1139,4395,96.5297605974083,0.2888339042663574,0.0032203299081023156,2.7715431690216064,0.36856961747712985,3.060377073287964,0.3668202018599184,99622829672612.55,40020141956609.01,0.08105222288547285,0.008930943921934208,0.03459231089921935,0.001237190671190413,0.035916590515517675,0.017008561562618364,0.0355463663616293,0.016818101398093806,0.002350389542938035,0.0019472120989404993,0.10723337910148206,0.010087866609102556,0.07202102976505807,0.006736900670535132,0.008667944853755136,0.0015240304991060065,0.17848713197419133,0.029724621174068887,0.1548324188873499,0.02588954865628533,0.030807094987472472,0.009023475338444763,0.5666160964563061,0.02459801566576332,0.1324789721268577,0.005315235478848473,0.024157277206328955,0.001785702375184394,19924565934522.645,8004028391321.794,0.09518620200527361,0.004127077845892605,0.020115003497942794,0.0014568352938403757
Window Linear,1448,1139,3105,68.19679332308368,0.09030871391296387,0.00048473306941276064,7.983075046539307,1.2254822913435726,8.07338376045227,1.225085413596804,17449085313355.092,8245704956388.205,0.013381834285186621,0.0015831917801829207,0.0008938059074456882,7.176534295348325e-05,0.010586507624445848,0.0023807952143193234,0.010481731395796296,0.002357521166351261,0.00017333425714574754,7.06238948996624e-05,0.09613735186286809,0.004163175818284196,0.06582692807217816,0.00205210154998302,0.006848026497645384,0.0006355927195563328,0.09430274456114011,0.0028277700551698863,0.07297724472688179,0.002912378312253138,0.008447390214974483,0.0006191750420104053,0.3460433603826264,0.028389129946760676,0.09328810296474212,0.003101265631458805,0.01403222226792787,0.0004539235491689754,3489817062671.119,1649140991277.6401,0.051191168288957006,0.0014348175859244209,0.006078955829027833,0.0002947048649574007
Window Clinear,1348,1139,3205,70.39314737535692,0.06752471923828125,0.002078665391167331,7.876664543151856,1.5373663442060264,7.944189262390137,1.5361187417152107,64633916529097.336,42849488422434.305,0.04336173702291493,0.009509635787932007,0.008020803930954046,0.0006288727579634004,0.008024505088148455,0.0028622611182851083,0.007938787477717186,0.0028288938150437173,9.945834523874736e-05,6.373560438081532e-05,0.09555971152257749,0.0027162197424727683,0.06549220950149594,0.0015247877074952986,0.006789368007257332,0.00044040048018630665,0.09463594211100543,0.0047886821430971034,0.07390894554503628,0.0051059704231767224,0.008649305682919602,0.001063524892753766,0.3705786954785864,0.02208054535931339,0.09520684094732645,0.0029965037661847625,0.013977657794466873,0.0005369508167851926,12926783305819.559,8569897684486.842,0.057181704098898195,0.0018703113492895345,0.007507318752167326,0.0003731476229549988
Window Rank,753,1139,3800,83.46145398638261,0.17455763816833497,0.0030705225488321143,5.495630264282227,1.8556933859741787,5.670187902450562,1.85367592793702,86484654274883.97,56309200094713.76,0.06385802207112654,0.011622320344987898,0.019410146605134446,0.0012459076032698103,0.01706131511284201,0.006988791038534948,0.016893523792398047,0.0069202257249033824,0.0004671523916372798,0.0003589198916179072,0.10359720905478324,0.019744919545612773,0.0704876536225852,0.013055594321376481,0.008237388420544925,0.0034006986436611237,0.09412530183961981,0.002290640077372678,0.07289923135178003,0.002315465209823732,0.008404851393875458,0.0005764646691034353,0.33898382593489157,0.028122977499064027,0.09276831464819098,0.0025878369273152767,0.014127953046602705,0.0003697997760879335,17296930854976.87,11261840018942.748,0.06338134909721616,0.004841383675366526,0.01012949837155897,0.0007239068266676991
Window Mahalanobis,753,1139,3800,83.46145398638261,0.1710988998413086,0.0033292615457697176,4.74205756187439,1.1115770435274734,4.913156461715698,1.1086020051241787,31084867185759.426,12964660369872.002,0.052844128624233364,0.004078983499284788,0.02030404912330985,0.0010627300647555185,0.02034678247317276,0.009183655465977792,0.020147812357638524,0.009089586623419806,0.0007264992527127266,0.000546190142308886,0.10450350197308399,0.011084722170232927,0.07082960127359875,0.0068275656553902705,0.008244289180503343,0.0017826225721913164,0.09908701555921216,0.007467279905923445,0.07795522946157084,0.008506422523044344,0.009543540478661273,0.001829841483453945,0.35824767331790963,0.02008131129241299,0.09667344013546418,0.001495804668426193,0.015023461754553222,0.0006300178695100957,6216973437151.981,2592932073974.3916,0.06369004237050113,0.0021995715704318727,0.010768367957948088,0.00025681159668038773
Window AR,1398,1139,3155,69.29497034922029,0.10663037300109864,0.0011682399486482576,9.207121324539184,1.6696958712139967,9.313751697540283,1.6703598481493604,30558890472267.15,19452190217389.816,0.03508223841212442,0.0036936410182911742,0.00798822137893151,0.0005150392105419242,0.010444679051262973,0.0018714094583661557,0.010326461264302929,0.0018432546485409069,0.00014721275986317387,5.105252024183902e-05,0.10129911679178835,0.0058170256295186715,0.06846389026044905,0.0025520982418690543,0.007689506358647393,0.0009594059660675296,0.09804015991520329,0.002952134431101594,0.0776366058918193,0.0032325693971524978,0.00946146470083711,0.0006752121587181328,0.34617008438998925,0.017556813106594935,0.09254231337313276,0.0018531837590638033,0.013736948028868037,0.0002872861332941094,6111778094453.527,3890438043477.96,0.05681030184036573,0.0014238137575594706,0.0078046706454294465,0.00011012873078881332
Window Mean,678,1139,3875,85.10871952558753,1.967617130279541,0.02078139723970319,4.166379737854004,0.8979111840308698,6.133996868133545,0.9179249867951838,91553905084661.94,67540759545324.76,0.06517285401840585,0.015131575749776471,0.019393701179244778,0.0013770102236739159,0.0237046479934431,0.010212930976236845,0.02346900416145615,0.01011231007892438,0.0008911420833411756,0.0007213114705596041,0.10723472644902236,0.016805972600662557,0.07248918787586156,0.010582824988653958,0.008827026864782168,0.002651763718619114,0.09593102535788134,0.004280308070408115,0.07492466429983594,0.003870465828250633,0.008819503226651924,0.0008001880920975321,0.3604788587094415,0.0400212872511066,0.09626878360247026,0.005409306239902293,0.01486869675620067,0.0010270651553775751,18310781016932.47,13508151909064.922,0.06646489879160596,0.006246290131995071,0.010560014022044149,0.0006423563745085303
Window Median,601,1139,3952,86.79991214583791,1.967617130279541,0.02078139723970319,5.32255334854126,1.0465496811249502,7.290170478820801,1.034141016184396,104312399081690.44,61009277307198.5,0.06665066367954024,0.014464284013737875,0.019009248239188387,0.00032891269490631717,0.01964071728536578,0.004592896701215324,0.019434951782946294,0.004550920163712867,0.000552374341069677,0.0002317514700353882,0.09518509436907278,0.0037307215002968697,0.06541842015444677,0.0017684847376729183,0.0068462483948187915,0.0005531651165862975,0.09540642197527134,0.0033046028329257616,0.07381718558041094,0.004141625625101761,0.008597980765777032,0.0008501580192562163,0.347115432298825,0.013237169394238846,0.09286524526577489,0.0012157712930296073,0.01381894185377333,5.3924670676477686e-05,20862479816338.17,12201855461439.703,0.06363729329262381,0.003621808706988588,0.009764958718925446,0.0002884809125627425
Binary Segmentation L1,153,1139,4400,96.63957830002197,0.6216730117797852,0.004970546084484886,2.7203564167022707,0.3480527187641255,3.3420294284820558,0.3511770442509604,77732854895128.5,24303415092635.668,0.08156792745995439,0.012752796680185932,0.03752951131689181,0.00581152720569873,0.03722769468124046,0.013101406370220633,0.0368409970399592,0.012986434723826108,0.0022120911066107287,0.001415262632928476,0.12686099142594154,0.04098999342871683,0.08564699642270827,0.027178113346892158,0.012184213868595264,0.006715318561617234,0.16625031312871064,0.03375553146286714,0.14404075806041258,0.029418221516697995,0.027703337670412363,0.009973909823072107,0.5702577537984441,0.13810728466395122,0.1351324275380244,0.027228662357018943,0.026111909516149376,0.00887215385062967,15546570979025.836,4860683018527.117,0.09664582130421183,0.006328099160993052,0.021148212695731913,0.002693730430058842
Binary Segmentation L2,153,1139,4400,96.63957830002197,0.1781759262084961,0.00375322684984219,2.6445245265960695,0.27234454976475536,2.8227004528045656,0.27393652333776447,56272974022484.49,14679471947060.535,0.07538133792331407,0.0033348978257370884,0.03697989391262881,0.0021765159642271248,0.03407943534098218,0.01844070339480234,0.03376053670243121,0.01827848135679789,0.0022656941263816607,0.002685421705533672,0.10496523320628803,0.006466036538247209,0.07345894687736212,0.003428787128467546,0.00831132873720707,0.0008070990967368507,0.1654262412251024,0.02076229195741626,0.14334183123759828,0.01828662739614445,0.027024184526292346,0.006166718988815215,0.5669552747136828,0.07857154545909947,0.13369694040753768,0.017494240524224585,0.024560541464298733,0.0061334132575571985,11254594804497.04,2935894389412.099,0.09192791862964876,0.005621017200759824,0.019828328553361738,0.001881558062928672
Binary Segmentation Normal,4408,1139,145,3.1847133757961785,0.34858098030090334,0.017698707090878223,17.598976373672485,3.566377396841954,17.947557353973387,3.5775629746324933,11469644969033.875,4496254246088.149,0.011891430049443647,0.0008088691365360886,0.0008851333808064687,4.356683202444397e-05,0.007101145067231248,0.0036265602278095777,0.007021461237685118,0.003582673896783627,8.054425588162804e-05,6.633286388597845e-05,0.09386365744531597,0.0016798527753010262,0.06467933559994363,0.0010745947178241353,0.006377426559298285,0.0002251967776225506,0.09227735087216107,0.0010255319310185133,0.07014181719922183,0.0015590379300458902,0.00784235714395806,0.0003290819885380367,0.4159767399088036,0.01261859640014627,0.0892047031938336,0.0017837212551775024,0.01175155688292159,0.00035976101493311155,2293928993806.8896,899250849217.6215,0.04858774945602556,0.0012305663267534823,0.005387403644573205,0.000130191799599069
Binary Segmentation RBF,153,1139,4400,96.63957830002197,23.244484996795656,0.10336471202633092,2.5834845066070558,0.4224743984806457,25.82796950340271,0.34581635810352435,72377534993534.02,56147426332271.31,0.07593445256577387,0.011992487216331093,0.03522819467763502,0.0014055564103439453,0.030701453482879722,0.00528087526626672,0.030370768116453725,0.005231432813809701,0.0013519338415323148,0.00044607774989119354,0.12162125002052533,0.013514262591886752,0.08167701830419638,0.007173523144148028,0.010852006525393976,0.002159525687032942,0.16588672453716424,0.0251818958655479,0.14383596595371198,0.022098481661848843,0.02738113275619703,0.007941060529168726,0.5781383243756648,0.09056004544611293,0.13624986661328253,0.01869505584551321,0.025825686604361225,0.005720442634857902,14475506998706.947,11229485266454.244,0.09361361431068377,0.008805069830288234,0.02012779088102392,0.0026060312151466314
Binary Segmentation Cosine,153,1139,4400,96.63957830002197,22.779410696029665,0.3538217359933787,2.5500529766082765,0.15253848829865257,25.32946367263794,0.43658820631035133,68260740709005.5,37299701793725.88,0.07753548038572122,0.008726673642716036,0.03698736012850236,0.0025763351624147404,0.03047531899553834,0.004177060165643004,0.030174162486431236,0.004130746502750465,0.0015239039973761986,0.0004370007550865636,0.11675047721390468,0.02595400517607329,0.07968017126615108,0.01639344019275501,0.010437802260712455,0.004237889407176469,0.1717754826379389,0.023079826127097913,0.14849282436228173,0.020046119314651674,0.028416883501130634,0.006899695555024681,0.6250144409510059,0.09460119028128569,0.14619660480164404,0.021554464520324827,0.029036615144099925,0.008355393390227298,13652148141801.254,7459940358745.181,0.09641584866044593,0.008665160470378427,0.021280513006364327,0.0024374388666831472
Binary Segmentation Linear,948,1139,3605,79.17856358444982,0.27268571853637696,0.004491086817345413,6.61303677558899,1.7907564250662371,6.885722494125366,1.791692273975756,50850728810860.08,30585637504423.145,0.05609945706982459,0.005620079472671083,0.019649413966720385,0.0014527024230971287,0.012903707897903583,0.00464380764670725,0.012767955348251096,0.004592819232123887,0.00024833420215983836,0.0002002421461843902,0.09562707544197623,0.002751719449472735,0.06620843091852828,0.0021272914371764646,0.006794890085397201,0.00039812026882288183,0.0945153650810349,0.0022933891566764386,0.07319780729878642,0.0017516244659386974,0.008520623203832251,0.0004157799079371549,0.3859127722973879,0.015471997957064203,0.09748595123537705,0.0021903440839465367,0.014467800484764643,0.0003570580825586706,10170145762172.107,6117127500884.624,0.0611519203741535,0.002004115109847422,0.00993621238857487,0.0004233949190462643
Binary Segmentation Clinear,183,1139,4370,95.98067208433999,0.215255069732666,0.004929671055929785,2.7395458221435547,0.32403687968958383,2.9548008918762205,0.3218931296215906,94709874738021.5,35551592804096.76,0.0791478024029903,0.006002099895637052,0.03346903168252559,0.002816132200642446,0.024913694533576572,0.008026970137070318,0.024634018755808416,0.007933262652517918,0.0009378804589471425,0.0005031635864021925,0.09843203342605722,0.012712132486880752,0.0666901048292428,0.007437639588438854,0.007406615970044164,0.0017465892778640295,0.15412918558266087,0.026873149070511054,0.13372565472763456,0.023401478711004748,0.024211510145299986,0.007072444954353087,0.48868007099051297,0.03698050202122975,0.11662891605505947,0.007861854891477317,0.01937282177545366,0.0021675078570112657,18941974947604.414,7110318560819.355,0.08416529935414713,0.00607374844175415,0.017079572006454116,0.0018816593218164716
Binary Segmentation Rank,1793,1139,2760,60.61937184274105,0.2860982418060303,0.008166711410566428,8.022993040084838,2.3264783574287424,8.309091281890868,2.325045887574203,26128961941004.86,18368960959784.938,0.015698786165289105,0.004255119498375622,0.0009321527556613876,7.730885846703994e-05,0.011919704403065706,0.004153182301218516,0.011786330906646356,0.004109328586058722,0.00022487032375399367,0.00013895695312383897,0.09499202352540613,0.0019889365613590536,0.06413841076093509,0.0009052159514749039,0.0066387161875409864,0.00027478283432026245,0.09647477498272487,0.004041102654150526,0.07507673459332703,0.004564891530114703,0.008890644053549678,0.000965885131639358,0.3537597419833361,0.015471123538128215,0.09348925256406264,0.002170109023127213,0.01386386807193612,0.000480865891360489,5225792388201.072,3673792191956.9814,0.052037902998052034,0.00209335208151638,0.006110050278488431,0.00019245810447491953
Binary Segmentation Mahalanobis,1793,1139,2760,60.61937184274105,15.270879411697388,0.014687682421356,11.671664667129516,4.449922600544409,26.942544078826906,4.454044488062434,19589810132059.777,9349760552854.867,0.014380426937514514,0.0028638524663023744,0.0009303116537290832,0.00014351529507246607,0.008618886737246544,0.005835512435000224,0.008533670434801991,0.005784899712145853,0.0001683288682672044,0.0002032317035505347,0.09668919936912404,0.0025790542854694618,0.06521144852169126,0.0014370545054545366,0.006816816449365378,0.00040200242504274367,0.0952196671444833,0.004073456450068241,0.07404750434106862,0.004441643473574879,0.008690036900742593,0.0009495523329104084,0.3591648659796844,0.03649092324402961,0.09390359863374245,0.005007545173868654,0.013907991227274357,0.0008954263230895293,3917962026412.0605,1869952110570.966,0.051215329773763765,0.002478226987909831,0.006102697019875722,0.0003112601640734212
Binary Segmentation AR,153,1139,4400,96.63957830002197,0.5291574001312256,0.012126987475813892,2.5114120960235597,0.2632710216476651,3.0405694961547853,0.2647644326594921,95501567049393.27,68349786279271.63,0.08213595610333918,0.015361710285852127,0.03564373948796346,0.0029988753832952504,0.02949074470073377,0.008321695850903633,0.029188105283411914,0.008238763314141978,0.001475393735379965,0.0008538807050595944,0.10209148893404632,0.0124759620796986,0.06996388566997622,0.007732379151701068,0.007941636608293744,0.0018043375588629963,0.15960839558703813,0.01665535001336231,0.13808178870723808,0.01477544512986549,0.025544369157224727,0.00504930047721242,0.6861061793136711,0.06955526037441233,0.15941796593547844,0.015229450697262439,0.03394046173143127,0.005991020600299898,19100313409878.805,13669957255854.293,0.09575754033988884,0.005226872858159409,0.020909120144058636,0.001858149841459854
Binary Segmentation Mean,989,1139,3564,78.2780584230178,63.74640145301819,0.32622434599891387,8.875067520141602,2.5230778196423214,72.62146897315979,2.380001622099748,25359844849454.63,19129163349944.434,0.04948463660133498,0.0035735488552867197,0.019562132098018024,0.0004821889872012017,0.012403412834348393,0.005671990089918072,0.012281435456529903,0.0056215202630118715,0.0002705118939111135,0.00020631940276502774,0.09916681079632378,0.005916697287305304,0.06777623741666956,0.002624960449817251,0.007375827736802085,0.0008825184659520417,0.09773648987071044,0.0053225882941603875,0.07667730655928955,0.005983644697724276,0.009251841503924415,0.0012518297437128637,0.3929576308619577,0.033326952960155566,0.09910804859017586,0.004788806638491494,0.014908870040064196,0.0008743532126944209,5071968969891.025,3825832669988.8823,0.061065532924799985,0.002824976902011406,0.010273836654543969,0.00047174083886954003
Binary Segmentation Median,168,1139,4385,96.31012519218099,63.74640145301819,0.32622434599891387,2.940693712234497,0.19714532371674498,66.68709516525269,0.4008305851002711,70731974646703.08,33225368888024.97,0.07647579861498832,0.0029649394539976765,0.03545577203800953,0.0031932629551348463,0.02943636439148188,0.004825645095463202,0.029111500793129262,0.004778102896502462,0.001136952688037693,0.0003467728302655389,0.10412410023270884,0.011495700044463595,0.07039887667844565,0.006719519809340549,0.008285811264358097,0.0017774920358559613,0.16205225047887173,0.02707086445224265,0.14071881002563946,0.023628895581862753,0.026222184412937898,0.0076525373341986905,0.5841197982307639,0.04157279071366662,0.13645028476707063,0.009206543350146566,0.02532668321651623,0.003015442868253785,14146394929340.75,6645073777604.985,0.09063105417585472,0.005259447132187786,0.0192854807239719,0.0013671663915809315
Bottom Up L1,153,1139,4400,96.63957830002197,0.1127164363861084,0.0026326466406188373,2.4349756240844727,0.1402116094705779,2.547692060470581,0.13898672061857578,70935170448806.69,11542598749944.86,0.07494424804581007,0.004372432464940749,0.03479046873012822,0.0020511394033994887,0.04579731387939248,0.025872927621449368,0.045321241056168714,0.025591239538043525,0.003449859561574926,0.003240417980068161,0.1328690580476579,0.06158109126757729,0.09055378191410396,0.04250892938668253,0.013660066856087318,0.011743339723681466,0.16194350336449906,0.025996198724419082,0.14046225087875394,0.02317389541143251,0.026480623953500426,0.008083509424978454,0.5692924147745977,0.09677232835809589,0.13352666092303186,0.0208600114089589,0.02493453115039844,0.006999191528471326,14187034089761.486,2308519749988.9844,0.09696163656357377,0.008523637183823004,0.020663110050337868,0.0016183794569152067
Bottom Up L2,153,1139,4400,96.63957830002197,0.07229652404785156,0.0007445826463261262,2.625954532623291,0.2920784707466176,2.6982510566711424,0.2925073436266831,79259571801224.17,22989589583304.535,0.07693331737845858,0.0035691476581281947,0.03497150454152582,0.001800475303304279,0.0386458735982138,0.014072843142660801,0.0382463216947863,0.013933792770623548,0.0023749798752152923,0.0016656896692531522,0.11613113162769186,0.021543277047600257,0.07785784417786144,0.013757019924923853,0.010044174000791531,0.003514685141145175,0.17870801291846972,0.030133616911771095,0.1547049248202768,0.025772277287194303,0.03110163304371831,0.008800585927771566,0.624419341419032,0.12258781886610007,0.14575555627876907,0.027361300467412374,0.02942245590281558,0.010403906159358859,15851914360244.988,4597917916660.904,0.09869959287003048,0.008921689508631408,0.02158294947281332,0.0032087306536937887
Bottom Up Normal,853,1139,3700,81.26509993410937,0.1330634593963623,0.0011813690347114445,4.950575256347657,0.6863945485266967,5.083638715744018,0.6865546307907456,60429037838921.586,26590706619382.547,0.05682463756070026,0.006037684465749415,0.01907816265236702,0.0003411553032084625,0.017069605224517614,0.007237273433033972,0.01690689769476878,0.007176664203070848,0.000525441725503335,0.0004728684408426314,0.09802388864027826,0.007684216669287406,0.06761872063725213,0.004168887179619643,0.007273981279483884,0.0011060826729741087,0.09907813509547443,0.005784998542958957,0.07867534815424515,0.006377633618883132,0.009619483115475804,0.0012876934703403664,0.43067410283233554,0.039372289417741096,0.10522177898856519,0.007408492483215543,0.01629323101766574,0.0019585624611108132,12085807567784.414,5318141323876.514,0.0650494766071063,0.003831590882589839,0.01055805995809916,0.0005363464006736026
Bottom Up RBF,153,1139,4400,96.63957830002197,0.8059993267059327,0.012869064963741367,2.625659704208374,0.14933969288035082,3.4316590309143065,0.1491478826931488,79020790375738.16,19767665695107.895,0.07814589991298648,0.005800223979699829,0.03598575955383579,0.002146520579536886,0.031886469082850984,0.004748625029014215,0.031543066767829364,0.004703202142216621,0.0015120058011467632,0.0005772081617634094,0.1161633111572999,0.009497608399669163,0.07888772800266515,0.00577245132908401,0.01003733528685584,0.001621305029277386,0.16890609361081846,0.03286841982224809,0.14669204777278597,0.028701377755560337,0.028432512162313642,0.009792519067729256,0.6312108353048137,0.07587648609218285,0.14711411639198502,0.01752591465835429,0.029666454324235546,0.006650753203615457,15804158075147.781,3953533139021.574,0.09647657176965045,0.006930085931328523,0.021126813425677522,0.002401866861179954
Bottom Up Cosine,153,1139,4400,96.63957830002197,0.41367402076721194,0.0053893103319364285,2.7457902908325194,0.5422891752452018,3.1594643115997316,0.5428248563303659,46486863225718.32,19253302615478.504,0.07067219204656389,0.003676515519844774,0.03600002930148603,0.0017463115121558023,0.035420578673310846,0.01179500008672681,0.03502677316999009,0.011639761415727775,0.0019066723849774376,0.00139071855110942,0.0995681580618719,0.014477635254612785,0.06792832955382688,0.009046182290296167,0.0076082936283510885,0.002127634670162761,0.16968842818086044,0.023643994494204405,0.14714617671547878,0.020664171871446032,0.028283961617112056,0.007054699623392433,0.6077558675395097,0.09863038153426688,0.1416788256070786,0.021561496478535825,0.02766359577221925,0.00731119650926612,9297372645143.816,3850660523095.7017,0.09249045941858773,0.008074077871636857,0.020292510540829176,0.002360748739885919
Bottom Up Linear,1398,1139,3155,69.29497034922029,0.09477577209472657,0.0011788747695305056,9.089925909042359,2.463879015326686,9.184701681137085,2.46353066562509,58102172215049.74,28317112260533.96,0.04070967125749909,0.006191243777222995,0.00775307400969351,0.00023422726606203934,0.009962139584983981,0.002371594854767317,0.009854156926693992,0.0023518314092384972,0.00014618278437156097,6.837954094580031e-05,0.09843531064631386,0.0024044695363877,0.06660643026881634,0.0007447777656541001,0.0072289010776657925,0.0004061665961453574,0.09971556641567499,0.008559860548417002,0.07877858796038992,0.008587117417325723,0.009740807943799584,0.0019147890468657865,0.35626125378425816,0.03132005546188851,0.09380044957591231,0.0038919614830234903,0.013933410675797911,0.0005933219715178265,11620434443010.04,5663422452106.787,0.05794985919786238,0.0017496902268490837,0.007760475298265675,0.0005054349880879762
Bottom Up Clinear,163,1139,4390,96.41994289479464,0.07016892433166504,0.0036262257129166626,2.5269525051116943,0.1647836996614888,2.5971214294433596,0.16180126863847824,80615370860818.4,16369688211500.176,0.07681144706474963,0.003658918618745996,0.03445948951559239,0.0020981658297995185,0.03034380255588537,0.0142028472320394,0.030014689882514038,0.014023978730136341,0.001530569882199806,0.0016153615658969723,0.10545858839468586,0.009209756849569288,0.07121829365818083,0.00488374936816543,0.008365630171560707,0.0014750189100908712,0.19313905350192892,0.02508353182682757,0.16722288678228953,0.02213873822515407,0.035767198940498075,0.008243192455715148,0.5376113005713717,0.07943967065187696,0.12737837124912682,0.01732916923685093,0.02253790034674027,0.005380810167378011,16123074172163.816,3273937642300.036,0.09452913772737222,0.006248482670681782,0.020532157771318258,0.0015511059663175673
Bottom Up Rank,1518,1139,3035,66.65934548649243,0.1846435546875,0.003541582723884775,8.265088415145874,1.8791525232929591,8.449731969833374,1.8805734891225818,37475510307213.46,13813390304856.348,0.01815128473293492,0.003342018416452848,0.0009064166561938528,4.0671572796457486e-05,0.00959692224865465,0.003792253768438599,0.009493109311747601,0.0037499749967869834,0.00013692739652000236,8.401701999697659e-05,0.09648254030215953,0.0018245283412952017,0.06515356706723573,0.0010601918518639215,0.00680585884283332,0.0002680204597185558,0.09604886895357267,0.0018170695417933313,0.07446888479731856,0.0027148894572820866,0.008787860980646298,0.0005654340908188858,0.3619939216005025,0.014977712980105602,0.0939269577088037,0.001998823316497162,0.013770306139534928,0.0002964451913160691,7495102061442.791,2762678060971.271,0.0522387607236081,0.0011706648660279597,0.006081474003145678,0.00010372401034284426
Bottom Up Mahalanobis,153,1139,4400,96.63957830002197,0.32418045997619627,0.0068005730708091145,2.36548433303833,0.2340959524782389,2.6896647930145265,0.2324392360001713,88708847415352.12,47422202466366.73,0.08235133224588037,0.008042475738434415,0.036049988966811074,0.004547527719379852,0.035656220734939015,0.008513877602067808,0.03528116875846778,0.008437477074495462,0.0018920041886116299,0.0009228686383423504,0.11175260653337772,0.014656671081728497,0.07538448928139097,0.008674722139291812,0.009424425399863377,0.002302944856644708,0.1799131638762761,0.05480530094518745,0.15611004838742232,0.048462052563416264,0.033711908401748744,0.017508889114314374,0.6035500951841861,0.12141076255931604,0.14155641974381222,0.02749383498338969,0.027809379109639418,0.010128897831201649,17741769483070.57,9484440493273.346,0.09813669168339478,0.011882893403228399,0.02177754121333485,0.004120223593524289
Bottom Up AR,1398,1139,3155,69.29497034922029,0.10622048377990723,0.0010436817212124071,7.637875652313232,1.555740831442759,7.744096136093139,1.5549462064822357,60444965037532.69,33716868493204.22,0.04133625527536077,0.00768544877508183,0.007817014304837125,0.00020388638552152092,0.012952818934186911,0.005748139891037652,0.012814512834294594,0.005679142461541549,0.000254197922987849,0.00019413929505608288,0.09611896732550818,0.0037078946462237006,0.06606154578259156,0.0020939535514065827,0.006924393946781333,0.0005877313073363432,0.0946280375951027,0.002791750893033074,0.0741888894282927,0.0034887475644576754,0.008711397379886819,0.0007462548509026486,0.3646842708267285,0.015249570847100295,0.09432493145537589,0.0016211155842245134,0.013809517044228791,0.00021882759348482002,12088993007506.629,6743373698640.85,0.05774522695518315,0.001480269828433938,0.007503304119744386,0.00025104860318375183
Bottom Up Mean,610,1139,3943,86.60224028113332,2.317738962173462,0.007703729328603893,4.854926109313965,0.9567910875912521,7.172665071487427,0.9641183349346942,90625369416358.6,39656363064056.055,0.06316629961698815,0.008323666728119286,0.01858195149203677,0.0008117150408396597,0.031844115902077794,0.014950592317520144,0.03150511047455297,0.0147877989886429,0.0016811972120113082,0.0017689198517885792,0.09769966757073002,0.006174007644641149,0.06675488407717178,0.003913576642809047,0.007203184009693262,0.0008589208266057569,0.09820667722230818,0.009103547652912842,0.07585644623968277,0.007792288609201398,0.008996573251527463,0.0015171310649570201,0.35651123495462217,0.02843747027529152,0.09595019958669777,0.0037178870094112756,0.014732087392716737,0.000708198641236402,18125073883271.805,7931272612811.205,0.06664658799901868,0.005520147195879671,0.010238998671597112,0.0006074546700466042
Bottom Up Median,158,1139,4395,96.5297605974083,2.317738962173462,0.007703729328603893,2.644875144958496,0.2493481638576441,4.962614107131958,0.25572928058256966,81289141092966.58,33515402520929.56,0.0796130566764949,0.007556499499893633,0.03631939980808833,0.0014180528894064792,0.039872866398004955,0.013823251373325131,0.03945365826330847,0.013701577385933335,0.002832573100662584,0.00206584601073457,0.10976110190154405,0.015214241922521504,0.0745370272103868,0.009241104266284345,0.009177347578770843,0.002292488445074047,0.1827170841699234,0.026017565746139358,0.15834029540573014,0.022685785062831868,0.032140406144111865,0.00835773921553682,0.6215172073765731,0.11149266879542426,0.14593821087626463,0.025206282133593418,0.029125833610261196,0.008622395022855034,16257828218593.465,6703080504185.887,0.09957644968643706,0.006122331235865724,0.021919112048378972,0.002229815403889547
