Approach,# Train,# Test,Cut,% Cut,Cut Seconds,Train Seconds,Total Seconds,CO(GT)_MAPE,CO(GT)_MAE,CO(GT)_MSE,NMHC(GT)_MAPE,NMHC(GT)_MAE,NMHC(GT)_MSE,C6H6(GT)_MAPE,C6H6(GT)_MAE,C6H6(GT)_MSE,NOx(GT)_MAPE,NOx(GT)_MAE,NOx(GT)_MSE,NO2(GT)_MAPE,NO2(GT)_MAE,NO2(GT)_MSE,T_MAPE,T_MAE,T_MSE,RH_MAPE,RH_MAE,RH_MSE,AH_MAPE,AH_MAE,AH_MSE,Avg_MAPE,Avg_MAE,Avg_MSE
Full,7485,1872,N/A,N/A,N/A,30.01023006439209,30.01023006439209,35.89261996527173,0.21946109992064355,0.060253913515354814,0.31029243495043657,0.052193849444985105,0.002754738070760596,0.9562131144463349,0.0559731509211955,0.030572902612491598,0.5432734010990258,0.12869457755509503,0.0314905775857513,0.6354625622644594,0.33993336608711633,0.147447493875589,165237244108.01508,0.0709210568131135,0.03301602812506502,0.2920467637270566,0.10144024828689986,0.04610213023036389,6.346915522466401,0.05076422744999648,0.02576554549746946,20654655519.12399,0.12742269705988035,0.047175416189105715
Fixed Cut 5.0%,7111,1872,374,4.996659986639947,N/A,25.60316491127014,25.60316491127014,35.64495402422056,0.21940440441398773,0.06091124363433833,0.16905429918301013,0.028436383378134575,0.0008521381970071002,1.2396348380728197,0.07189620004094607,0.027686698239158133,0.5499282387837672,0.13040316144671346,0.03176806691296457,0.7142753282555773,0.3728455684103664,0.16950672839058148,117659272504.59482,0.05613717560156101,0.0262807065699388,0.30711030249516064,0.10917206478436896,0.04453241325993931,18.01467975518736,0.07906435913161387,0.024625555511248728,14707409070.154322,0.13341991465096142,0.048270443839397006
Fixed Cut 10.0%,6737,1872,748,9.993319973279894,N/A,16.59725022315979,16.59725022315979,45.19231781589887,0.26798513023661547,0.0799186218160216,0.0687688638993986,0.011567512851034245,0.00016128921082100606,0.8767015906436532,0.05322474293038648,0.026039812229186946,0.5686598604942275,0.13391415221645855,0.03292605275427981,0.7383846377072274,0.38442150165033095,0.17956580567964014,180960796968.53656,0.07676498337620545,0.03045501941960923,0.29210950677815756,0.09952994383787661,0.0391018274431378,5.3586637675618585,0.04470628254431279,0.02234110187903431,22620099627.704033,0.13401428120540249,0.051313691303966354
Fixed Cut 15.0%,6363,1872,1122,14.989979959919838,N/A,23.717830896377563,23.717830896377563,30.90693481701852,0.19166623041287822,0.051526994934477474,0.04277200309536735,0.007576971318931329,8.705097843449634e-05,0.9158901891372768,0.056149515665978714,0.030930001057983006,0.5059851924128407,0.120121924013372,0.028676802579698634,0.6448362540870725,0.3451228489228745,0.15196756923124208,168941221601.15588,0.07220288190493317,0.03286640484061182,0.2944720233742627,0.10546745493648518,0.04530628190226976,6.33921134210033,0.052467890492495776,0.028120164514605642,21117652705.10072,0.11884696470849351,0.046185158754915405
Fixed Cut 20.0%,5988,1872,1497,20.0,N/A,24.670336961746216,24.670336961746216,28.79494090165162,0.18365831820693157,0.049787653191799855,0.008148295374402412,0.008148295374402412,0.00016254901773955113,0.7012159540501829,0.05668468790651666,0.02440736493279595,0.5182294286301364,0.1175557160590453,0.02766558346547715,0.6292352561950558,0.34006147225156297,0.14946534280974294,193651011184.3189,0.07599476571164566,0.03173996233448234,0.28870062536910324,0.0991159766081351,0.041629028823980056,11.550243993216892,0.06181450013902513,0.022980614279266256,24206376403.35119,0.11787921653215797,0.043479762356910534
Fixed Cut 25.0%,5614,1872,1871,24.996659986639948,N/A,29.998542070388794,29.998542070388794,33.63699438633768,0.2084561500102521,0.05642904842912967,0.005464654122217092,0.005464654122217092,6.431891698070251e-05,1.7184928390908334,0.08275748391406307,0.031228753315813255,0.5183746294084352,0.12090246695692845,0.028419820969254578,0.6167362720499847,0.33070388101962367,0.14148995301249948,116687003600.9421,0.059201101515064615,0.030096754048019113,0.34048763520130293,0.12163665094252568,0.04527404857814406,18.284892886904867,0.08066729950883139,0.025579138158644276,14585875457.007961,0.12622371099868818,0.044822729428560665
Fixed Cut 30.0%,5240,1872,2245,29.993319973279892,N/A,19.595399856567383,19.595399856567383,40.730668840164874,0.24523025678540045,0.07020490488490279,0.006895743777860585,0.006895743777860585,7.695875228380116e-05,0.7367915738611557,0.05744797313361162,0.027182546763412266,0.4959793156841913,0.11554631031980847,0.027735819756782833,0.6340572146433523,0.3412848794093205,0.15020574214852733,182953138596.3288,0.07023726406634333,0.03270149964474415,0.29480225756961126,0.10382853218301052,0.040559068353620144,8.837077169385976,0.05725546040581673,0.02651053303891364,22869142331.008087,0.12471580251014641,0.046897134167898424
Fixed Cut 35.0%,4866,1872,2619,34.98997995991984,N/A,30.24182391166687,30.24182391166687,33.85132113752912,0.2071155496973774,0.05568956135152633,0.022675352249963674,0.022675352249963674,0.0006435497537199824,1.1204279551618215,0.052800774688113866,0.026026083384189016,0.47111160970849475,0.0979844319545987,0.02135011244807923,0.5573150660253169,0.30464313135276794,0.1264326890927877,146056199394.184,0.0632631287711555,0.029267274775129772,0.28524588302689874,0.09856733947599222,0.04317297744110896,8.88010920715664,0.05644272196031474,0.02471019820909774,18257024929.921535,0.11293655376878536,0.040911555806954825
Fixed Cut 40.0%,4492,1872,2993,39.98663994655979,N/A,15.770580053329468,15.770580053329468,30.712803874752517,0.19616240676197225,0.053711978565703825,0.007086142010727133,0.007086142010727133,6.120023098606165e-05,1.09610401246578,0.05725215119982373,0.032101776551695556,0.47637278945070105,0.1034586688916242,0.02328028980722079,0.6200676466279629,0.33418055671642566,0.14511240319600252,245435683036.221,0.08690053466054294,0.03636849962585022,0.2999962566002387,0.10103160183388969,0.04626705281256921,5.202376631423272,0.04936761353994849,0.02937632166051665,30679460384.329445,0.11692995945186914,0.045784940306318085
Fixed Cut 45.0%,4117,1872,3368,44.99665998663995,N/A,13.561975002288818,13.561975002288818,28.74917321454431,0.1813924375645277,0.049476250371664116,0.008942247939173722,0.008942247939173722,0.0001571792398487241,1.3039256133641706,0.055604690852801224,0.028857602182296705,0.46789925900170076,0.09432816331035436,0.020371669820149572,0.7318601198164668,0.3753758445395435,0.16989752819108855,217321135133.33414,0.08100936323477818,0.035206633213688915,0.32361561488623974,0.09950161006862931,0.04480206245404721,2.5845564073647416,0.03965503248160743,0.025474418135307125,27165141895.938034,0.1169761737489268,0.04678041795101144
Fixed Cut 50.0%,3743,1872,3742,49.993319973279895,N/A,17.264147996902466,17.264147996902466,30.79556551063392,0.19345310483531722,0.05276140690169064,0.002058366348532505,0.002058366348532505,1.1423255182315532e-05,1.1025562696216085,0.0694620542468558,0.029945989934716085,0.5469486988974901,0.0912860879239097,0.018221943585365077,0.6303433863859298,0.33743899337756494,0.1465034275287641,159144874739.06873,0.06797960835747202,0.03207127778701324,0.301485685060023,0.10483605107703413,0.04408605503596756,14.795481228220929,0.07115712625773304,0.025807965597496527,19893109348.405422,0.11720892405305228,0.043676186203274445
Fixed Cut 55.0%,3369,1872,4116,54.98997995991984,N/A,10.903761148452759,10.903761148452759,21.571218259528074,0.14669509079371637,0.04316231886251483,0.022712062255307114,0.022712062255307114,0.0006740667221693961,1.0678054762370954,0.056962883544871064,0.02781758118412282,0.7240151311066022,0.09791158366399723,0.01853415969954003,0.6658562171963912,0.3500968876590806,0.15400180384507361,66460273922.27232,0.06081702558273205,0.03136207110084025,0.3154323425433949,0.10219773770271134,0.04381116197794903,13.695955392277291,0.0684299752649027,0.02604865475741425,8307534245.041921,0.11322790580841473,0.04317647726870308
Fixed Cut 60.0%,2994,1872,4491,60.0,N/A,22.121737003326416,22.121737003326416,21.725847993637107,0.14856918465490315,0.043568775803763476,0.006639750489600542,0.006639750489600542,8.585030966333591e-05,0.8655938352324586,0.057473001690939995,0.027902620439149928,0.6529580597944834,0.09159461582545503,0.01662164903266922,0.5650447395857416,0.30946122153412736,0.13004253333162824,79889135433.55171,0.057730534178513954,0.02795380402320324,0.30884333799091723,0.09803500294467239,0.043140331302071545,12.263094293834177,0.06432059510026503,0.023898854267661192,9986141933.742487,0.10422798830230959,0.03915180231372628
Fixed Cut 65.0%,2620,1872,4865,64.99665998663995,N/A,15.154812812805176,15.154812812805176,28.938007924549996,0.17916013778748524,0.04867651747087069,0.009083186940916742,0.009083186940916742,0.0001233131173002354,0.873725621224194,0.061639862070703044,0.030428317149598608,0.6388006350715028,0.09022768494388093,0.016036712804270267,0.5436064000879236,0.2952334668302544,0.12078968864296902,94159961304.7385,0.06083592810032355,0.03033229993090147,0.31896576489829565,0.09915452930874542,0.0451472737247685,13.693764666915573,0.06881911195037857,0.025700610964850375,11769995168.719296,0.10801923849158585,0.03965434172569119
Fixed Cut 70.0%,2246,1872,5239,69.99331997327988,N/A,9.710171937942505,9.710171937942505,17.209112893683983,0.1266403919214138,0.04260404566058326,0.013396357531202384,0.013396357531202384,0.0003059462471789479,0.9567056726346765,0.06723068361647887,0.030512253337429535,0.8724208371911956,0.1056203048495325,0.018803935228322997,0.45606249191194553,0.2579121007130442,0.10448693462043976,7651746377.10935,0.0763323954853801,0.030114655095384142,0.3143073177300775,0.10825202311670093,0.04652000834333053,14.82902684286868,0.07362477143914092,0.027473535962020634,956468301.4700451,0.1036261285841116,0.037602664311836245
Fixed Cut 75.0%,1872,1872,5613,74.98997995991984,N/A,10.686820983886719,10.686820983886719,10.849852434108005,0.09655547541258483,0.040017875724059765,0.020850564998851705,0.020850564998851705,0.00047634403135879736,1.2622501726928066,0.06639706560435628,0.026942072853812338,0.7641925551339125,0.0974739141209703,0.01741939672852282,0.4448682148737556,0.2502903373176795,0.10129641099248958,15645812054.853542,0.07244497577572595,0.02966383396409042,0.3081806580723371,0.10350218914254662,0.04210770115290799,13.661411517372926,0.06758539847870951,0.024294714281400568,1955726510.2706463,0.09688749010642798,0.035277293716080266
Fixed Cut 80.0%,1497,1872,5988,80.0,N/A,5.3245720863342285,5.3245720863342285,20.85920333948658,0.1479199682433228,0.0445919418253872,0.028894411942274895,0.028894411942274895,0.0015654049682029146,4.418953653413987,0.11447266861389693,0.02801358737278724,0.8951703785826064,0.10897699871758512,0.02016183010840263,0.43427832343010486,0.24557565869782916,0.10033493708164999,85101209227.8392,0.11065317610399175,0.0275991359691896,0.3528025517880851,0.12315749566523863,0.04156459195709134,26.736332613146995,0.09848267967078411,0.0238634409027731,10637651160.195623,0.12226663220686529,0.0359618587731855
Fixed Cut 85.0%,1123,1872,6362,84.99665998663994,N/A,6.968153953552246,6.968153953552246,11.137018873815764,0.09420517802712267,0.04040371846107649,0.007280355452212827,0.007280355452212827,9.07312170270552e-05,4.82362853524549,0.12624157380315476,0.033220789117817645,0.8742064174451228,0.1042060446154362,0.018276794960846925,0.37986492368220987,0.22598364588172065,0.0974076535114057,107061478485.47336,0.12244029635815373,0.03295349174484182,0.37253641810333843,0.1310842504910186,0.047277737941306006,34.69570926086793,0.12164429090739601,0.02998508988729449,13382684817.220448,0.11663570444202684,0.03745200085520199
Fixed Cut 90.0%,749,1872,6736,89.9933199732799,N/A,6.313371181488037,6.313371181488037,17.08959312615928,0.129352329453003,0.04616093048459774,0.01093790572705921,0.01093790572705921,0.00022819598690788443,5.332126309290247,0.14024456157591542,0.037684524676068656,0.7812265075878703,0.11955138637020912,0.02635722924659002,0.41453911800014787,0.2685337597990073,0.12443200451827802,160607668058.9707,0.1370421149231833,0.03620830777623718,0.3729427754295519,0.1305489724756845,0.04837085980631914,44.04462418934117,0.14560912285152158,0.03429425631426909,20075958515.877083,0.1352275191469478,0.04421703860115847
Window L1,3390,1872,4095,54.70941883767535,0.235975980758667,24.60377597808838,24.839751958847046,31.346470347079446,0.19588286888098427,0.05421099837651979,0.005760648103565697,0.005760648103565697,8.363275447628401e-05,1.0966787658742456,0.05494779869183578,0.028056778222608787,0.5403265305731909,0.09243762713471075,0.018722274119418177,0.6828125892557397,0.3563747184614087,0.15699781466687043,135411141302.32239,0.05997396211512287,0.02941530184807114,0.3058725676179398,0.09867107695336316,0.04628790382865951,8.738966865800936,0.05784721338179918,0.026810417860345277,16926392668.129929,0.1152369892153487,0.04507314020962117
Window L2,6580,1872,905,12.090848363393453,0.12077069282531738,18.672264099121094,18.79303479194641,34.8968397001011,0.2188915707903477,0.06263073295769375,0.12737097703140163,0.022563503459947145,0.0005371995362162149,1.9072164313602507,0.0594456808834549,0.025942644602745923,0.5100907585997907,0.11598330617151303,0.028756164863696747,0.5885399372530998,0.3196984350750107,0.13600748653143627,222249084749.6236,0.08915775625370143,0.03079752264483135,0.2952828997471377,0.0977692151254048,0.04210213342455508,3.0801645132298328,0.0388283852386195,0.021003861989689083,27781135598.878635,0.12029223162474965,0.043472218318858044
Window Normal,6445,1872,1040,13.894455577822312,0.2994499206542969,49.13953518867493,49.438985109329224,38.119995806719395,0.2311323169422533,0.06360036330389987,0.08188437397084915,0.014505646407590637,0.0002520021558418572,0.6788926993617124,0.056761776684516235,0.028173788755704837,0.5053958522807025,0.11767526444909217,0.026715497201046903,0.5811017969895037,0.31369523102634533,0.1293266926770337,156805366183.50174,0.06882263069216751,0.033158018949420026,0.3031984980128402,0.10959509649762518,0.043088774143270996,9.95476291005825,0.05943284186759065,0.024828929433071033,19600670779.215874,0.12145260057089746,0.04364300832741119
Window RBF,470,1872,7015,93.72077488309954,2.17474102973938,4.488210916519165,6.662951946258545,32.66343077137775,0.2052717264006029,0.05694548982433818,0.020612629520988975,0.020612629520988975,0.0007026193016040291,4.633797109101116,0.12732551504948023,0.03540191222586685,0.7634788163695537,0.1343594316588978,0.034673400608185766,0.5471640593139674,0.4001464815014639,0.22546097098362936,131004220950.16887,0.13463299842809226,0.03840456069999565,0.4033810608550465,0.14114323116423458,0.05341429536058181,36.206233067892065,0.12658052899205358,0.03241400519041325,16375527628.175903,0.1612590678394767,0.05967715677432685
Window Cosine,6440,1872,1045,13.961255845023379,1.0046279430389404,23.55180287361145,24.55643081665039,33.208546801621345,0.20296450261830004,0.05470725380141274,0.11949434669317816,0.021168174790642723,0.00047963333669607297,0.8640922092277183,0.05588650163685748,0.02985615346399118,0.4904785881174835,0.11201885129531562,0.02644036963417606,0.6249930610888139,0.3356400399385889,0.14554787653171614,169878028957.62024,0.07280627897050203,0.03633245358678701,0.2908396488564021,0.10288317520931642,0.045180357437728136,8.794740175797072,0.05945496566456086,0.029363458905137717,21234753625.251633,0.12035281126551027,0.04598844458720569
Window Linear,4315,1872,3170,42.35136940547763,0.1837010383605957,19.977480173110962,20.161181211471558,37.524811591510066,0.23230099652606104,0.06538343263635332,0.007065369296649186,0.007065369296649186,8.028239736918611e-05,0.7081939317300016,0.062039131735628784,0.033240273284167336,0.494203916119952,0.09820946565500807,0.021613391477993397,0.7179115321790687,0.3700566576918632,0.16588028510741815,143853220493.87915,0.06536304742740243,0.034208445904814005,0.3011949017651098,0.10380344672958108,0.04777923449350583,14.077936332471824,0.07146718473503028,0.02691420494872105,17981652568.463787,0.12628816247465285,0.049387443781292825
Window Clinear,6915,1872,570,7.615230460921844,0.11853313446044922,19.613090753555298,19.731623888015747,32.902602674349076,0.2040054356937434,0.05637858800340214,0.0750827047475701,0.01262955504584863,0.00036453248599977687,0.7344290423338518,0.0520627377705224,0.023431758478298245,0.5531056159585486,0.13274228375463087,0.03356391689160655,0.7311140405661438,0.38143483369517156,0.17623304325344005,189561814418.4553,0.07794414163235046,0.030161516131083456,0.3191264135707607,0.11083700167258688,0.04225621654187016,9.691516893724263,0.054568289859747376,0.0203098264539474,23695226807.932713,0.1282780348905751,0.04783742477995605
Window Rank,790,1872,6695,89.44555778223113,0.22899818420410156,5.85828423500061,6.087282419204712,14.694684393468542,0.10917394737948842,0.03997362621285766,0.008581476109277147,0.008581476109277147,0.00023527415692380197,9.00359649519788,0.1977165515386547,0.050277109936234105,0.9672280942482635,0.12822959984148202,0.02590248476570272,0.3883628296613334,0.24366959437419058,0.1097231666128314,310086887301.4406,0.20444647146760617,0.05240353584124807,0.6868215633120065,0.20751059183520704,0.06603549868310184,58.191037258292184,0.1823464920282111,0.04293199276177037,38760860923.17256,0.16020934057176445,0.04843533612133373
Window Mahalanobis,715,1872,6770,90.44756179024716,0.42528676986694336,5.470713138580322,5.895999908447266,19.751371607348283,0.14375356849387247,0.04743170547826205,0.013000026848616612,0.013000026848616612,0.0005954880519561857,4.01158450595625,0.1138987186706178,0.033552084145191605,0.8551869760678606,0.13070980362267,0.029976814496078228,0.3748237742883866,0.238812390679278,0.11093786969203204,148580950005.6784,0.12868573492744653,0.035803628742108,0.3745051984373132,0.1327849034199646,0.050728427465956245,32.12688054967226,0.11717719822525045,0.030963829689867196,18572618757.898205,0.12735279311096454,0.04249873097018146
Window AR,700,1872,6785,90.64796259185037,0.18016290664672852,4.321897029876709,4.5020599365234375,18.692583866977706,0.1293957171412839,0.04563108738093999,0.039243843376476704,0.039243843376476704,0.0038381152633237352,4.5233175731745545,0.12367900498104319,0.035742473321815973,0.8766590886120222,0.13000450338708727,0.029317049328966362,0.39574421807405863,0.25466914195178175,0.11496262936167695,131457754527.15337,0.13239777780297454,0.039122412381839444,0.36700352258266367,0.1313129955390903,0.054002889294313634,32.82451048986265,0.11998028590218816,0.03422760386174056,16432219323.109085,0.13258540876024064,0.044605532524327036
Window Mean,3676,1872,3809,50.88844355377421,4.97224760055542,14.42458176612854,19.39682936668396,24.754815608211345,0.17054447267368714,0.049761489929594914,0.007605849514058704,0.007605849514058704,0.00012931250802571668,2.041412671886847,0.08077881704011967,0.031717410365632255,0.6822008290142636,0.09482115377542553,0.01778274452510882,0.5219615387814743,0.2911948927241775,0.12123981304392356,46916328581.12657,0.0660448873971087,0.0298030144009972,0.34121175740205173,0.12214423190794747,0.04840420980652068,22.669409678379687,0.0935459477504587,0.027322948571123704,5864541079.018159,0.11583503159787277,0.040770117893865886
Window Median,3853,1872,3632,48.52371409485638,4.97224760055542,18.11114192008972,23.08338952064514,26.73959803960256,0.1743011040291901,0.04820953478455328,0.0038102477868824157,0.0038102477868824157,4.153489224815662e-05,0.7991737981508024,0.05727463582830439,0.031014571622765417,0.54427327350952,0.09554347059558368,0.02014285833653465,0.6908675944159541,0.363507806037164,0.16397187088805867,115502523155.58368,0.06075316102068482,0.031337414089744865,0.2949385281108051,0.09902580603252467,0.04611729697739856,8.453127323706386,0.05580837867037726,0.026394036176616318,14437815399.138678,0.11375307625008879,0.04590363972098996
Binary Segmentation L1,2110,1872,5375,71.81028724114896,1.604341983795166,11.12857174873352,12.732913732528687,7.882163651793817,0.08058819700450745,0.04120849014617604,0.006768972752241283,0.006768972752241283,7.962426719107061e-05,0.6760509928051939,0.05737613908154716,0.028470571047044164,0.9399922025385946,0.10915980916845305,0.019169224428092903,0.38188163306311007,0.2153204043235742,0.08603789845924559,84021323253.14426,0.05595129340485177,0.026803464767895444,0.3417119169601387,0.10015080673192843,0.045702417674939856,11.794894372343208,0.06306696552505867,0.02500543236155834,10502665409.395988,0.08604782349902021,0.034059640394017945
Binary Segmentation L2,2110,1872,5375,71.81028724114896,0.42024922370910645,7.543596982955933,7.963846206665039,12.943320891936358,0.10245156458066551,0.039144668945221124,0.015784369684735827,0.015784369684735827,0.00040740436118697637,1.5738814885324703,0.058646894276277936,0.0273452304674453,1.0667891508666956,0.1195189635472655,0.0216049238112095,0.375069998251244,0.20878894773398193,0.0837789670993553,160215647940.21112,0.06307667085372971,0.027342713859257246,0.45221228668290375,0.11624217250568458,0.04630255354577909,7.754149206701477,0.050955372501533536,0.02413404838291465,20026955995.54907,0.09193311946048426,0.033757563809046105
Binary Segmentation Normal,6250,1872,1235,16.499665998663996,0.7644898891448975,38.07390069961548,38.838390588760376,35.23857955629364,0.21441089637691788,0.05820326613475174,0.00487279636291013,0.00487279636291013,5.8041296954108434e-05,0.8638137586225889,0.0541509176835937,0.02839940388107619,0.528609366388468,0.12361445719018921,0.02886774805200271,0.5971344943781535,0.32422387878764786,0.13911294342845829,191452323293.1074,0.07565804514713965,0.03423076198394621,0.29081109928163423,0.10327360387414135,0.04466272655317754,7.481328049857079,0.05382147327627024,0.02634993011071723,23931540417.26408,0.11925325858735114,0.04498560268013548
Binary Segmentation RBF,6255,1872,1230,16.432865731462925,85.08569312095642,20.425729990005493,105.51142311096191,36.81663832527663,0.22742573347366526,0.06396262086631957,0.017604191665195612,0.012803048483778627,0.0002862088722610446,1.5310944096937198,0.058014234495634365,0.026600149802893793,0.5015286541595175,0.11057612773534155,0.02617987384185726,0.5317996800741466,0.2970219941047959,0.1252891112914531,176878598955.25534,0.07032186902790123,0.03410392138216936,0.31991591302949657,0.11154612146657528,0.043116627487201215,10.603845970402569,0.06043808352094579,0.024915345262158085,22109824875.697243,0.11851840153857955,0.04305673235078917
Binary Segmentation Cosine,6255,1872,1230,16.432865731462925,84.72544693946838,23.25512194633484,107.98056888580322,41.1829617278473,0.24477032104156934,0.07006807152932018,0.010460999000807571,0.007607999273314598,0.0001259370686196396,1.212563474296791,0.05528364183178056,0.030187324427196863,0.46687772339472794,0.10904970479125628,0.025107794276606584,0.6148557713151077,0.3280749738177005,0.13902008753203873,193431602981.47278,0.07626953968611863,0.03510203186413488,0.3130050555339228,0.11324964158683616,0.04921962298126689,6.480488838997364,0.051844820290328955,0.026729501192481128,24178950378.969166,0.12326883028986296,0.046945046358958124
Binary Segmentation Linear,2110,1872,5375,71.81028724114896,0.9987130165100098,8.7134530544281,9.71216607093811,9.868905062090496,0.08896372766323767,0.03999103334476679,0.013838719266988637,0.013838719266988637,0.00030833874596287373,1.7584955934448565,0.08466503966497832,0.028256313642642365,0.8906206805761961,0.10815019244710163,0.02003161446289112,0.3963687122975901,0.22160759474111164,0.08943564588486413,11435264966.20518,0.07710277750089804,0.027928135782476993,0.3318405225214187,0.11046519952127984,0.04278785219884894,21.745579539323995,0.08791154749643812,0.023312697954941217,1429408125.1513484,0.09908809978775414,0.03400645400217432
Binary Segmentation Clinear,5715,1872,1770,23.647294589178355,0.5771329402923584,21.822823762893677,22.399956703186035,34.625707317454676,0.21711206314046005,0.0601811099762175,0.008201529513095723,0.008201529513095723,0.00017285484302104564,1.0108279228224066,0.06686097489698084,0.02949475612393776,0.48029033837859086,0.10471706319276299,0.023926370870627912,0.6315044119851188,0.3373464100215432,0.14597628112781552,171355449489.6478,0.06722386288299316,0.033928488615885745,0.33247704284370433,0.11868868373048369,0.04573299289263634,9.796510019856644,0.060373929722941366,0.02587981684201171,21419431192.066616,0.12256556463765748,0.04566158391151924
Binary Segmentation Rank,6255,1872,1230,16.432865731462925,0.5306398868560791,30.597090244293213,31.127730131149292,39.76489546854436,0.2409014384338108,0.06791270596099235,0.007037163723569796,0.0051179372535053065,4.631459627344351e-05,0.6825966028841478,0.057822181628302896,0.02935218698040372,0.50305716680288,0.11885018123815676,0.02734494504434077,0.6229293753882588,0.3354682992085135,0.1462214558262493,167133996086.0737,0.06938899504522776,0.03160170716380649,0.303393424497132,0.109032779196472,0.04447689271122441,13.950705939791073,0.0701185043693694,0.026266873598367317,20891749517.738476,0.1258375395466697,0.04665288523520725
Binary Segmentation Mahalanobis,6255,1872,1230,16.432865731462925,83.27886581420898,38.19575595855713,121.47462177276611,30.429631431892723,0.1928510416801909,0.05159485906460548,0.008825754635934836,0.0064187306443162446,0.00015182863174136585,0.7810171972402336,0.056780408443472576,0.02834253241927202,0.49016313561921804,0.10760471666388419,0.023974762947965134,0.5464045913826191,0.30007884821052494,0.12385418726908659,160752428894.16193,0.0654365131949092,0.029606409859681642,0.29742155747138804,0.10618866459559499,0.04282862062444777,10.034203497687859,0.059622477597452296,0.024609527785932627,20094053617.093666,0.11187267512879306,0.04062034107534157
Binary Segmentation AR,6255,1872,1230,16.432865731462925,1.4614660739898682,46.06946682929993,47.530932903289795,30.69843893226705,0.19498982482371957,0.052988375761332675,0.006480111497337013,0.0047128083616996466,3.453540706405359e-05,0.808197299600849,0.052367688772393936,0.02861326222571015,0.45666005632960577,0.09727355602826018,0.020837246127283618,0.5987248414030706,0.3221460541242515,0.1358775177520485,171556092399.1391,0.07371208212688046,0.032881253956873295,0.28662092167977554,0.10346023132642855,0.0438690172543012,7.3901426765834,0.05451865337571599,0.02651688192062776,21444511554.923042,0.1128976123674186,0.04270226130065522
Binary Segmentation Mean,4957,1872,2528,33.77421509686039,259.4470388889313,17.457356691360474,276.90439558029175,35.93257398969266,0.22135201381908345,0.06099900028034208,0.007493246624361094,0.007493246624361094,8.957549420649911e-05,1.8230201469019034,0.0569786096066636,0.024171474325860153,0.4845057397789524,0.10681067895649893,0.024233612142674447,0.6002895462993058,0.3246738678129045,0.13864246082182302,232807342113.6922,0.0898668408521139,0.029893518384281784,0.30054190893917215,0.09512898412088366,0.03785165270125647,3.358869428198631,0.03997120378418665,0.021367897192927025,29100917769.524956,0.11778443069708683,0.04215614891792144
Binary Segmentation Median,6253,1872,1232,16.459585838343354,259.4470388889313,13.866116762161255,273.31315565109253,34.489191846791044,0.21214506210488024,0.05963252391527347,0.013419176841868791,0.013419176841868791,0.00026650921540531436,1.5021493978785792,0.054145746518391866,0.012972047610941407,0.5288319729829076,0.1192903688215076,0.029109862600855914,0.6317802748360161,0.34040858133623614,0.15150336857581326,126483575358.67213,0.05605473474636076,0.021239042540554757,0.33720838765384203,0.11532195168828276,0.034107916683175914,13.660951627961657,0.05939496196290102,0.015957521500178873,15810446926.229471,0.12127257300255354,0.04059859908027484
Bottom Up L1,2110,1872,5375,71.81028724114896,0.15937089920043945,10.918086767196655,11.077457666397095,13.975605409187748,0.11024970676754338,0.040619076199338605,0.014683168758975277,0.014683168758975277,0.00028118077574694966,0.7616989272792676,0.056214473033694416,0.02679110572287682,1.0152925957147783,0.11449204874154369,0.020249661743731155,0.37795290707936463,0.20893894757033463,0.08276960658076701,81130676405.12334,0.060747935290470845,0.026780463159737176,0.3199940680148036,0.100372552968286,0.04453772814736611,18.973738261415722,0.08334747380312128,0.026765355620761686,10141334555.070307,0.09363078836674613,0.03359927224379067
Bottom Up L2,2110,1872,5375,71.81028724114896,0.09897398948669434,7.5582499504089355,7.65722393989563,12.037776438711468,0.10497064987786174,0.04293192986271274,0.016938912101469476,0.016938912101469476,0.0004969219414983315,1.6283292935644325,0.07041254699872783,0.02538843382286854,1.0837848259180909,0.12170612588862052,0.02252246357551944,0.3877104463700164,0.21394837794113558,0.08536127290535749,12898956743.237549,0.07609501847275621,0.02685967196194193,0.3421224597948937,0.10269962532732027,0.044456709657885354,14.246370651842446,0.07024049135340328,0.024923716382989194,1612369596.622574,0.0971264684951618,0.03411764001384663
Bottom Up Normal,6250,1872,1235,16.499665998663996,0.17855381965637207,36.1322181224823,36.31077194213867,32.0778618268385,0.1977565928787712,0.05368622407493252,0.005781114836480599,0.005781114836480599,8.352509672016336e-05,1.0815011735055216,0.056224426220157664,0.02967930070814375,0.5189864531412167,0.12058055446327876,0.028128050313788393,0.6252705244748531,0.3345005639266952,0.14394194781196978,197895260011.77814,0.0752127934363908,0.03274982797524581,0.29162047316510703,0.10185953288944413,0.04512826032668065,5.298148205525553,0.04847608799023539,0.025788155337191095,24736907506.45965,0.11754895833018161,0.044898161455584014
Bottom Up RBF,6250,1872,1235,16.499665998663996,2.2594268321990967,23.305394887924194,25.56482172012329,30.246845214870564,0.19134286913465878,0.05239731625981339,0.01509388662854724,0.01509388662854724,0.000258729269804835,0.6285682207760571,0.0622208961248238,0.03273336162696106,0.483626940227875,0.10329798508785343,0.02345587586692155,0.4962859594935119,0.2779454860533317,0.11369476510815368,150073501516.43787,0.06655285222736106,0.03486746786809129,0.3256357315873593,0.11582511419977484,0.05059218936722482,13.359157554350197,0.07141144428494335,0.029827264785512328,18759187695.24913,0.11296131671766164,0.04222837126906037
Bottom Up Cosine,6250,1872,1235,16.499665998663996,1.3065948486328125,33.341975927352905,34.64857077598572,30.290238804104334,0.18942292055933468,0.051018549130423835,0.0045458725885795205,0.0045458725885795205,8.066919782863583e-05,0.6767008736162576,0.0563686545422825,0.029091166622957312,0.49712159568561554,0.11568000055021728,0.026885130184371393,0.5980567132171302,0.3248120093471261,0.13937816108150236,194003251757.81775,0.07622731278446421,0.033534789328510166,0.3076212931820385,0.11068424538006413,0.0448830082878396,11.293892473894246,0.06242513918707128,0.02426877842770633,24250406475.185688,0.11752076936739232,0.04364253153264248
Bottom Up Linear,3925,1872,3560,47.56179024716099,0.170867919921875,15.158500909805298,15.329368829727173,26.143748794059025,0.17154268107483758,0.04845106814917761,0.0052826922316973075,0.0052826922316973075,4.646623681676432e-05,1.0400891574420097,0.05321563762598958,0.024770118730614115,0.5315435256324129,0.09744663313160039,0.02102257631563707,0.595918517192366,0.32269873438452396,0.13789621878443495,145524114261.7747,0.0604268858625566,0.025514764450175746,0.31212181663630373,0.09394384719868447,0.0398661075596243,8.787261314400654,0.052542085597698934,0.022153815256093706,18190514287.398792,0.10713739963844841,0.03996514193532179
Bottom Up Clinear,3895,1872,3590,47.9625918503674,0.09154939651489258,23.221575021743774,23.313124418258667,30.883328201767377,0.1968044940924996,0.054516386034297884,0.007622454633022442,0.007622454633022442,8.079117050355296e-05,0.9933860841928707,0.0642159480549455,0.027527183339250406,0.5328915073717868,0.09596836117353055,0.020426990128946637,0.6837046389818545,0.3573833377615709,0.15830828637346192,85970322990.31184,0.057783314176357216,0.026984270328878804,0.29242935932683006,0.10461779191941424,0.042274487632928424,18.90797815247161,0.07961334499974698,0.024167177096309563,10746290380.326647,0.12050113085138581,0.04428569651307211
Bottom Up Rank,6250,1872,1235,16.499665998663996,0.22620201110839844,17.827085971832275,18.053287982940674,33.70174059123487,0.20684572183548924,0.056711538814108245,0.009856225338442395,0.009856225338442395,0.00014123313218798302,0.8492890214435557,0.05760285063740914,0.028402775303981307,0.5063897722483091,0.09913509113895434,0.022339057138027318,0.5478725958268386,0.30362360136079086,0.12852036370305273,175142836284.21387,0.07290525894246137,0.03303388261858963,0.35459139553237784,0.1248065561946771,0.04878144284875143,10.484928654038313,0.06148010580144107,0.0262620853763332,21892854541.33358,0.11703192640620805,0.043024047366878995
Bottom Up Mahalanobis,6250,1872,1235,16.499665998663996,0.6099808216094971,32.77135229110718,33.381333112716675,34.1350534286805,0.20305490334110668,0.05363323042981102,0.00717356658812822,0.00717356658812822,6.3128798955079e-05,0.8808439253371058,0.052016283481074725,0.02823976371636422,0.4842739479042309,0.11502832501831557,0.026343271261682774,0.6554338827370347,0.3455230550181053,0.14974244604318443,240899231779.69598,0.08592032208452276,0.03225032790439669,0.29508812519177524,0.10384266879318865,0.042364156611994636,6.55554532267383,0.051418553083238845,0.02647992743249453,30112403977.838676,0.12049720967596002,0.044889531524860436
Bottom Up AR,6250,1872,1235,16.499665998663996,0.1684427261352539,50.867037296295166,51.03548002243042,30.352623442453414,0.19109389691800277,0.05098132306666287,0.0046918692921185945,0.0046918692921185945,5.63840729273423e-05,0.8138088333729627,0.05361723621692159,0.02863233905871664,0.474328852216035,0.10823924798535146,0.024311796212018278,0.6384234305667806,0.3405302558083166,0.14729346828761566,182479418384.7926,0.07162636870017959,0.033048092126494344,0.28944120595148437,0.10478901632889985,0.04543760577180344,7.595115557114196,0.05335430776767558,0.0245715241977175,22809927303.12015,0.11599277487718315,0.04429156659924452
Bottom Up Mean,4954,1872,2531,33.81429525718103,5.269963264465332,22.661849975585938,27.93181324005127,32.68932125373405,0.20225042780600988,0.05536971917193844,0.011769656457466351,0.011769656457466351,0.00019275870804274877,1.1317709653562746,0.0572048370039455,0.029968515808421206,0.5053478251017925,0.10904261817746058,0.025417990927146583,0.6227030892009011,0.3360626943353957,0.146855147606967,169120454443.7893,0.06709524100259866,0.02939041394779813,0.2888237038360647,0.10131694348806332,0.04451937134282159,7.303019028457351,0.051956928981036286,0.02438253811820795,21140056810.792747,0.11708741840649695,0.04451205695391797
Bottom Up Median,6250,1872,1235,16.499665998663996,5.269963264465332,30.419941186904907,35.68990445137024,36.568896802379996,0.22083755580707784,0.060283246162508845,0.006244061523723858,0.006244061523723858,6.650095878761667e-05,0.9243733421763746,0.054381571371186196,0.026566514546363086,0.48720724962508805,0.10556166937515939,0.02403622180008853,0.6219187518172895,0.33399872717670626,0.14417047539899544,163410371708.16116,0.0648811088027088,0.029685476752368312,0.2932201507162254,0.10423808620300434,0.041686245331902974,12.144202310969451,0.06338022421698174,0.023261126586961115,20426296469.90089,0.11919037555956845,0.04371947594224698
