Approach,# Train,# Test,Cut,% Cut,Avg Cut Seconds,Std Cut Seconds,Avg Train Seconds,Std Train Seconds,Avg Total Seconds,Std Total Seconds,Avg T_out_MAPE,Std T_out_MAPE,Avg T_out_MAE,Std T_out_MAE,Avg T_out_MSE,Std T_out_MSE,Avg Press_mm_hg_MAPE,Std Press_mm_hg_MAPE,Avg Press_mm_hg_MAE,Std Press_mm_hg_MAE,Avg Press_mm_hg_MSE,Std Press_mm_hg_MSE,Avg RH_out_MAPE,Std RH_out_MAPE,Avg RH_out_MAE,Std RH_out_MAE,Avg RH_out_MSE,Std RH_out_MSE,Avg Windspeed_MAPE,Std Windspeed_MAPE,Avg Windspeed_MAE,Std Windspeed_MAE,Avg Windspeed_MSE,Std Windspeed_MSE,Avg Visibility_MAPE,Std Visibility_MAPE,Avg Visibility_MAE,Std Visibility_MAE,Avg Visibility_MSE,Std Visibility_MSE,Avg Tdewpoint_MAPE,Std Tdewpoint_MAPE,Avg Tdewpoint_MAE,Std Tdewpoint_MAE,Avg Tdewpoint_MSE,Std Tdewpoint_MSE,Avg Avg_MAPE,Std Avg_MAPE,Avg Avg_MAE,Std Avg_MAE,Avg Avg_MSE,Std Avg_MSE
Full,15788,3947,N/A,N/A,N/A,N/A,83.94137115478516,25.00366644606694,83.94137115478516,25.00366644606694,0.4119789912215721,0.010072808498238318,0.3016237318678971,0.008237932209596403,0.12262524400185638,0.005288957689357009,0.0070447282029250016,0.0007453518807902507,0.006877274768994975,0.0007311989595554874,7.647571588522256e-05,1.150159900052244e-05,0.24357468479797037,0.012979182275194128,0.1296272863317177,0.005863350398461796,0.02582907353944002,0.0028623884114301135,296549514377.14655,7947658571.347308,0.11169246882137543,0.006122712165323911,0.016554536369903214,0.0016130470273640462,0.2106800052125593,0.0038029094348811586,0.07475125973761831,0.002315132542098622,0.011626013825815762,0.0005146689270939845,1201094247117.4485,85511400772.58812,0.3667994913228739,0.017068636151101102,0.1896860136026176,0.017852138027269867,249607293582.58237,14616571284.163548,0.16522858547507954,0.0032507055695965947,0.06106622617591969,0.0030746440881720305
Fixed Cut 5.0%,14999,3947,789,4.997466430200152,N/A,N/A,71.68292465209962,30.995705688907474,71.68292465209962,30.995705688907474,0.4304245446411136,0.016025597058910775,0.31664578441441293,0.012314781731057522,0.13368355605511242,0.00759115073051546,0.008255105555317561,0.0019737396615286977,0.008071485820319652,0.0019173245708602842,0.0001183551545248759,6.634240410027888e-05,0.2546716945160262,0.01231991236489969,0.13368152494248162,0.0047609409374437875,0.028424093709587043,0.002799710505109251,273222303009.98788,23231440661.756084,0.09887100007167687,0.01135669946455565,0.01335995705159234,0.0027758664645199565,0.21257683861017818,0.011329599213976527,0.07919146517619137,0.00946665276218207,0.01235401787512123,0.001075923774350073,1139045578727.7302,108173589582.75508,0.36395545377086674,0.006946972973384992,0.18653825761756965,0.007131205012747935,235377980289.77383,19728045398.525307,0.16673611903265811,0.0025858008757243148,0.06241303957725125,0.0008588912653862816
Fixed Cut 10.0%,14210,3947,1578,9.994932860400304,N/A,N/A,49.53440022468567,13.858679191800556,49.53440022468567,13.858679191800556,0.4004653824087196,0.012527949870157063,0.292426014680764,0.009943536905929298,0.11796366038297701,0.004877629053975518,0.007109731406157621,0.001972068162195347,0.006948577483556356,0.0019205667412393636,8.31371926124557e-05,4.371227453897901e-05,0.2547902094340012,0.012921733393819529,0.13408713585673582,0.005994400643655336,0.028287077621582113,0.0030030563353013536,285991294849.4514,18807134699.308704,0.10179068008247537,0.007588553661228608,0.01417006749423134,0.0020114121412995196,0.21282209044512002,0.0030940932952750154,0.07513229210604938,0.003934278743109461,0.011961132503529226,0.00047147017818205796,1371930211060.9927,145388504495.11417,0.3462757400050415,0.01309106326516875,0.1681388079653519,0.013398193350376723,276320250985.217,26329008503.921375,0.159443406702437,0.004218535842947637,0.05676731386004734,0.0029941036572374916
Fixed Cut 15.0%,13420,3947,2368,14.998733215100076,N/A,N/A,70.39529404640197,16.245357550387645,70.39529404640197,16.245357550387645,0.3889787350318074,0.012996706569816373,0.2833578193006146,0.00950230182629369,0.1104806107518722,0.0069262401919505685,0.00847020151090274,0.0018736820582799243,0.008299617721642864,0.0018471013932020045,0.00010061121401561217,3.9008921442947277e-05,0.23873875077076046,0.013682585468143034,0.12682614927802882,0.005706890582273957,0.02481054731237449,0.002983525938037113,282546863457.17487,7996236224.061666,0.09979930707522693,0.005165334948480843,0.013656657926858223,0.0012426978728585548,0.22026159730951678,0.016388156432056978,0.07649814598678244,0.005808881190377453,0.012447747811608187,0.0012128609635148665,1270034873266.6794,70551884336.16725,0.3449464684197779,0.01108403995196441,0.16690679226944766,0.01151957402277249,258763622787.44913,12097633704.324583,0.1566212512970123,0.0034697266991501278,0.0547338278810294,0.0022781604012995873
Fixed Cut 20.0%,12631,3947,3157,19.996199645300226,N/A,N/A,55.83525195121765,15.621555357092694,55.83525195121765,15.621555357092694,0.4046324001339121,0.015585067447288645,0.29616473663263626,0.012634174361936135,0.1194352021631227,0.008393370694009345,0.008437525367329963,0.0019323367391030353,0.008260730525926156,0.0018737463445086247,0.00010732842593315928,5.2988494761698904e-05,0.246954714445965,0.009282703438866998,0.13051550502419984,0.003492000147944932,0.026533082266680864,0.0020184796799433222,272417820606.71707,7865125209.258672,0.09728101817505429,0.004883030188908122,0.012922507159571935,0.0011129712724191802,0.21105658649366826,0.006887507844957701,0.0733425321060088,0.0020774201578435433,0.011844981108693812,0.0008360331787425864,1205453694761.8098,52120707944.254845,0.3539010084320161,0.004772425225103949,0.17611288857250845,0.004498678338645993,246311919228.23386,9773098751.500505,0.15991092181597347,0.0020325985112100257,0.05782599828275181,0.0011015267510918535
Fixed Cut 25.0%,11841,3947,3947,25.0,N/A,N/A,73.07490978240966,25.29909546273961,73.07490978240966,25.29909546273961,0.40228432496256106,0.022496297267746455,0.2942319027101968,0.016890349923298048,0.11680191612609445,0.011559079593778967,0.010091515623414829,0.0036682634339732442,0.009887547195252956,0.003569215563290672,0.0001577117448610809,0.00012104308610454632,0.2349640709289221,0.010578915862728492,0.12549175593712406,0.003771763191122983,0.024012943714259383,0.0021614291144644625,260513664885.52542,12058849186.897545,0.09305865562772488,0.007427624370887849,0.012003963744731418,0.001658401620064344,0.20817978686246255,0.0026925616865279512,0.07316481331760405,0.001399088962107641,0.01151466422116209,0.00039419060267146714,1070247324833.5867,61006712461.50414,0.3619901199320357,0.01152599365919642,0.18487239859618226,0.012211168654011633,221793498286.65866,11906605413.025902,0.1596374657866564,0.0030000478025941227,0.058227266357881814,0.003112409745261093
Fixed Cut 30.0%,11052,3947,4736,29.997466430200152,N/A,N/A,76.3925814151764,34.38780884538619,76.3925814151764,34.38780884538619,0.39497896135286004,0.006290598701597368,0.2888257170452913,0.005296513489384388,0.11411969324682607,0.004228281941983912,0.00838441967643972,0.0021047735803313805,0.008212853271438916,0.002058682429115916,0.00010160531447248686,4.606936747112927e-05,0.24402133327512016,0.012233795165362306,0.12876019098715813,0.0051111541980723854,0.025946427841722918,0.002693342015734268,258722903494.2085,10020793175.01655,0.08916653182311524,0.003350335310982057,0.011321036301682243,0.0007825705112044471,0.20938057703984958,0.007429063626645873,0.07322913056471063,0.004626518643271412,0.011722258753905118,0.0009195233967138571,1205827481941.295,60225673776.25112,0.35378349183046925,0.018814732662580904,0.17656996140849981,0.019406532294379487,244091730906.06104,10246208994.148767,0.15699631925369745,0.003848223252016927,0.056630163811184804,0.0032737615857436108
Fixed Cut 35.0%,10263,3947,5525,34.994932860400304,N/A,N/A,62.71336402893066,17.34814355741712,62.71336402893066,17.34814355741712,0.38954944088541693,0.02891883795055301,0.2832540618449488,0.023769632150197003,0.11126289128015796,0.01511448501523412,0.00760725462747861,0.0017125447971470505,0.007464155489233212,0.0016754488468118175,8.816779496096999e-05,3.9083397704611267e-05,0.2337827573214117,0.012821055991015547,0.12572846900316675,0.004646442456321296,0.023861122634744086,0.002527667751484984,263093301017.1955,13679200013.210083,0.09339423001508887,0.0034008664450240395,0.012259142533575938,0.0008339805612394735,0.20873277069722912,0.006301150825073452,0.07554257440834337,0.003037803094815341,0.011416730128325185,0.0005371382359191209,1142157788897.4739,123583768983.0003,0.36436186186732694,0.018458320152824868,0.18745592874649994,0.019661292901002474,234208514985.9161,22505339454.914227,0.15829089210468472,0.006690687800164892,0.05772399718637737,0.005414337378406995
Fixed Cut 40.0%,9473,3947,6315,39.998733215100074,N/A,N/A,61.04115962982178,12.096070594228372,61.04115962982178,12.096070594228372,0.38553236971502625,0.004400548175098072,0.28079977628549896,0.003113947935331683,0.10895042812573397,0.0027050544926749036,0.007134561300056287,0.0028831418282609846,0.007000913175328047,0.0028095720491599107,9.198372872258046e-05,8.128252902534064e-05,0.2232234685789477,0.005849709017956253,0.12283524563357365,0.0035458576985299677,0.021815948384862963,0.0011837356237081422,262431987595.26172,10614989223.562977,0.09101521710464233,0.003801274587662172,0.011728990187531147,0.0008636691549023279,0.21035183687142772,0.002564197351702177,0.07473252615691917,0.003166606423482974,0.011638009903113944,0.00028349806238975615,1109325361110.8928,84054305721.46703,0.37196485922819356,0.011381017203368898,0.19517985987121722,0.012444678108333915,228626224784.49597,15401010076.88297,0.15805808959735942,0.0019567812460450497,0.05823420336686361,0.0017626888693864924
Fixed Cut 45.0%,8684,3947,7104,44.99619964530023,N/A,N/A,50.56361608505249,16.908600667582387,50.56361608505249,16.908600667582387,0.39178259424353273,0.00997995944128555,0.28565366121972025,0.008723104402917807,0.11271376675574868,0.005827237547304281,0.00808746393539738,0.003959050332980994,0.007924445762960187,0.003860458002958498,0.00010967797186595936,9.670995431659038e-05,0.2304161985120544,0.01063328675836993,0.1248275183010674,0.005092328053481742,0.023147295369679483,0.0021428665143681043,247485413560.9477,14554131946.185238,0.08716751838521368,0.004451970560618122,0.011021344966847941,0.0009542453440911757,0.20963307467018683,0.0055794536856644105,0.07487451297086217,0.0022390275745601167,0.011585267903342607,0.0004772103128847987,1160394600558.192,64455283454.92525,0.3592486350236623,0.010321335014269475,0.1821398701665095,0.010233770322922334,234646669019.99908,9561659678.881954,0.15661604861058112,0.0029855264007334625,0.05678620385566576,0.00206615301516744
Fixed Cut 50.0%,7895,3947,7893,49.99366607550038,N/A,N/A,36.5087664604187,12.530868830122973,36.5087664604187,12.530868830122973,0.37677760571083274,0.023422694289722757,0.27218039791927695,0.019545704802755054,0.10515509489906368,0.011896480426450008,0.007088444949650415,0.0013454160119270324,0.006957937266425316,0.0013417100325826136,7.930844272146683e-05,2.1701853815002445e-05,0.2323988047001389,0.008662800506659745,0.12598051342132724,0.003597317434138929,0.023560985828306978,0.0017290400788149286,254434793491.55627,17186178100.71207,0.08956531900601142,0.00500229307480317,0.011524356531546511,0.0011175594045841307,0.2111239852591826,0.005816845541316724,0.07366493248293787,0.0021777266621508954,0.011955805938685357,0.0006335695720945505,1367647215087.455,85714611290.05855,0.3442743852441055,0.010616250963344035,0.165843589188448,0.010787006180711392,270347001429.97003,16396480356.749352,0.15210391422334757,0.004646099541139351,0.05301985680479536,0.0036998741243980666
Fixed Cut 55.0%,7105,3947,8683,54.99746643020015,N/A,N/A,26.087570905685425,8.41384664364309,26.087570905685425,8.41384664364309,0.36616430026968044,0.017697312416213685,0.2642693899248868,0.014926958236624483,0.10005774539170234,0.008880226479092089,0.011123811035732224,0.005041919613503727,0.010921404861475584,0.004952805265910657,0.00018125563847940418,0.00012090511229091475,0.23497856275069473,0.01105715794824686,0.12804449038751772,0.002259095685887871,0.024325255852465658,0.0020949941642175365,256258894811.57162,4196396844.053996,0.09076613715599724,0.002592439254553878,0.011608482593025223,0.0005624558825641173,0.21896782583799473,0.011346774892453261,0.08041028525253424,0.009221119284748905,0.012639946992175428,0.0013769186190887746,1485747150838.2068,132170457401.28099,0.33826138486911106,0.00898522221603054,0.1597716506488228,0.009013708202665059,290334340941.76184,21766951397.94387,0.1521121820752539,0.0019178163486623379,0.05143072285277845,0.0023329505564461117
Fixed Cut 60.0%,6316,3947,9472,59.994932860400304,N/A,N/A,26.813644123077392,12.234386167320178,26.813644123077392,12.234386167320178,0.33775575160941795,0.012897731478525543,0.23698192962433215,0.010428256416779693,0.08399823201638813,0.0059262513706486745,0.008783618763112941,0.0021297947131997644,0.008644453194844626,0.0020888060350872767,0.00011108045775433051,4.80991984729673e-05,0.23102189796515252,0.006086865677508914,0.12577981438296523,0.002371409831212688,0.023351284427369036,0.0011239080644795507,256200355861.839,14024478965.185383,0.08884733764988653,0.00615621308962776,0.011369380980023075,0.0014172767771166899,0.21428230695348474,0.005518907891095804,0.0811481074906896,0.005001027294738811,0.01208418611270784,0.0005219082091368913,1690162439369.5288,83026726299.85123,0.3142606112706347,0.008877432361485782,0.13658134435156274,0.008272368541618098,324393799205.3425,13158116282.219631,0.1426103756022255,0.0037996583414913075,0.04458258472430089,0.002250624517001142
Fixed Cut 65.0%,5526,3947,10262,64.99873321510007,N/A,N/A,24.63760290145874,8.424690972266422,24.63760290145874,8.424690972266422,0.33233008240458295,0.01170103421256643,0.22886685280332014,0.013512033481575612,0.07941160281679364,0.007784313739769098,0.009824896689998154,0.007280802363525548,0.009660849581084376,0.007139924209915458,0.0001708670295944954,0.00022046568675003608,0.2386229050075182,0.01052809547167763,0.12868146485504908,0.0037118621914365366,0.024902595929666548,0.002057968118060424,276023524370.881,15804404309.690891,0.09422079546022818,0.00646175357496589,0.012657025695581216,0.0015176044828657368,0.21687725999324556,0.0057261304335729105,0.08118010980594052,0.00651398624886472,0.012527444250696743,0.0008877192728293647,1741217501175.553,35114290448.12121,0.3037913485742771,0.002133963918255996,0.12691680511104203,0.002035911916653802,336206837591.1816,6402025057.318806,0.14106690351331672,0.0019318810539979735,0.04276439013889575,0.0012312321838932772
Fixed Cut 70.0%,4737,3947,11051,69.99619964530022,N/A,N/A,24.497464656829834,6.936465918225307,24.497464656829834,6.936465918225307,0.3253257921107698,0.012364664127594314,0.21962055446182938,0.011866647364986013,0.0745919815641473,0.007561098995921151,0.00810095883307803,0.0021655029665752154,0.007954238455395217,0.0021150011506490644,0.00010076893825838044,4.345223374405731e-05,0.22683941490973855,0.007438811156311802,0.12669856267313007,0.0026256962325330586,0.022872445606303433,0.001274041242414207,308180232971.76996,31290189903.4683,0.10765405114151885,0.013124017266572937,0.01653115730561386,0.0035440766446623753,0.21557253654948383,0.002166428652972181,0.08201877183211505,0.0036046028278273494,0.012286363583093473,0.00045528863315383674,1750508016897.667,89276986638.59496,0.3119073392556888,0.014512793476819141,0.13460503170579644,0.012502482033865045,343114708311.6833,16345041660.539333,0.14264225296994604,0.0033545978017696897,0.04349795811720214,0.0025974283486576584
Fixed Cut 75.0%,3947,3947,11841,75.0,N/A,N/A,18.348371458053588,4.603451099808586,18.348371458053588,4.603451099808586,0.3235909152119692,0.0058454112564548895,0.21967318394003024,0.009664878374096627,0.07400573454417574,0.0053646971257935855,0.008144074343535819,0.0017920033235852668,0.008018350734674823,0.0017716834896574654,0.00010582030664814156,4.4852278782134866e-05,0.22649241204810455,0.009999447424733183,0.1247549365629633,0.0020341854023937576,0.02264800266328038,0.001787690826216746,353878202879.62256,42711313532.28891,0.12696087523616867,0.010414037767104036,0.023778017958778742,0.002909510201099846,0.223724651255468,0.008742309389827264,0.09099908738253396,0.010681476122975035,0.014031198089246901,0.002323475028754926,1769869703863.8445,104164307073.51826,0.3079295634668294,0.006110409339699434,0.13025574305051998,0.00529658906336885,353957984457.3534,16320319410.267992,0.1463893328872004,0.0030448451616845945,0.044137419435441624,0.0009404571025333519
Fixed Cut 80.0%,3158,3947,12630,79.99746643020015,N/A,N/A,18.052992153167725,1.51163099175666,18.052992153167725,1.51163099175666,0.3607450948186193,0.014315659209251881,0.2676070224423842,0.0145028103043602,0.10494539260577065,0.010000851918110334,0.014782440755063301,0.007657498180922094,0.014525338549054145,0.007530047194644309,0.0003510972892403787,0.00029041803858386,0.22854544522292025,0.012561021226185942,0.12656086932713284,0.0035276496859227143,0.023158669690002028,0.0019401583495164611,342005047980.70026,31599407314.03476,0.1227241025821394,0.0057657557220414666,0.022342581661242474,0.0012830538120847522,0.22399267401520823,0.008363267554589639,0.08875621496701822,0.011052413878668416,0.01403584082330512,0.0017612990839880268,1524048971469.6584,116702557750.40808,0.35706329319284036,0.016149243727475407,0.1779739172129146,0.016140779089404585,311009003241.8615,23326306759.478825,0.16287280684342845,0.005341232860353561,0.0571345832137459,0.003374349307534376
Fixed Cut 85.0%,2369,3947,13419,84.99493286040031,N/A,N/A,14.582190132141113,5.021987609918157,14.582190132141113,5.021987609918157,0.3685095620529793,0.016920946558863628,0.27747700602358255,0.014977074590419052,0.11073015086780963,0.01043472614728222,0.018673584962944426,0.010893230248469705,0.018340678868705426,0.010705492718636444,0.0006198286070014359,0.0005496577691635515,0.22762145410158727,0.016533753108157984,0.12756541462090126,0.005811136235578385,0.023196908860236672,0.0029499706274007495,380062760545.0431,51826708610.90912,0.13311514595581989,0.011470867261730053,0.025487929402139422,0.0037713920817198563,0.22147902739888534,0.003669397530078151,0.0849815984578874,0.004858311859401916,0.01330081830622613,0.0005543683202852861,1505892217176.634,151033359798.93494,0.4472874992669735,0.0213526946687333,0.2819582028338964,0.02716699103115664,314325829620.42487,23268147271.729626,0.1814612238656457,0.006060235962203538,0.07588230647955163,0.004993924856771555
Fixed Cut 90.0%,1579,3947,14209,89.99873321510007,N/A,N/A,11.249679851531983,3.077390527807424,11.249679851531983,3.077390527807424,0.3651434447925464,0.013247069430137782,0.2762310964557041,0.012280752160452827,0.10914818972073552,0.008510702202674624,0.021140474041666295,0.016719424857123986,0.020765132304668806,0.016384736083206584,0.0010390599564447775,0.0014318215760343853,0.21925060902905305,0.008706315342606718,0.13140894185276125,0.007338633735642118,0.023972448541626074,0.0025121363868245775,403096415745.8848,25762916513.8698,0.13716783946137467,0.009871128309735135,0.027354548531548388,0.0030649566340500613,0.22584225207229686,0.01212327512467356,0.08941753571224359,0.0070868981325774875,0.014888534570107647,0.0017944066658772745,1597474645409.3926,149654559644.30753,0.6151153607679128,0.028251482540296986,0.5406246286399569,0.049157081540901613,333428510192.7026,23265578153.532845,0.21168431775911176,0.00852310507537187,0.1195045683267366,0.009493618465983978
Window L1,7328,3947,8460,53.58500126678491,0.6197007179260254,0.18490953466453253,31.242321252822876,16.521270651871827,31.862021970748902,16.618859374922362,0.3667102887077335,0.023967074672703276,0.2629993232174315,0.02033051632522682,0.09974068075168292,0.012807412911451663,0.006443924433174499,0.0011587903438806744,0.006320882757304704,0.001136266197422582,6.604339739682269e-05,1.744652707571895e-05,0.23296286740579616,0.016812916748177368,0.12771097694368863,0.005666917377820886,0.023969826609342035,0.0032997337347902994,266043043725.56,12253311131.204895,0.09351001554673256,0.0026973861189037197,0.012419752626288543,0.0006484299707115812,0.2098184306812036,0.00549294287642667,0.07615971439469289,0.0035196583626542995,0.011724695674913192,0.0007230989076063172,1410566704380.3345,86337705072.80049,0.34419748097984276,0.014907510171693058,0.16595016570143398,0.014897896961269029,279434958017.7823,12456233508.063925,0.15181639897328225,0.005219164340332863,0.05231186079350958,0.004290557502228139
Window L2,6268,3947,9520,60.29896123638206,0.32794528007507323,0.08129547583586082,37.75045599937439,9.127915149471509,38.078401279449466,9.206064144907167,0.34664840320154017,0.009446841555644094,0.24520135153544104,0.008119069931430698,0.088561242025219,0.005171406037096665,0.006954338445640788,0.0015324966770045802,0.006846137285156793,0.0015069212095508851,7.084500483598281e-05,2.867393183784584e-05,0.2272424393773585,0.005776147289316841,0.12446496115875459,0.003269329860092658,0.022596075761907964,0.0011812441899539986,238418413597.05502,25034447754.40499,0.08439732938170028,0.005495693464609961,0.010515657082003619,0.0011780182237331252,0.21204773885314374,0.0018842210320223298,0.07753525364068978,0.0039941475160494575,0.0118913116656807,0.00020728321060056577,1652753697780.0916,77357727302.95132,0.3182794853566059,0.0076536676871787595,0.1399782225789383,0.007197556520928639,315195351896.30853,15716507882.587072,0.14278741972639145,0.00285976186092563,0.04560222568643093,0.0019398435706697063
Window Normal,8178,3947,7610,48.20116544210793,0.7065999507904053,0.06735978175291041,50.06870403289795,14.069715523341793,50.77530398368835,14.08940568346556,0.3727912489495088,0.01415484585492802,0.2691960904970318,0.010812714039011405,0.10198834493150034,0.006493478241222147,0.009054830471100016,0.0018484236235213633,0.008895410729389683,0.0018115706811825298,0.00011793948447001972,4.023170660755048e-05,0.22733789391726344,0.005949882267256931,0.12347087403359217,0.00282601041836995,0.02252867415855977,0.0011868247360612724,246080461743.88498,21240011735.9958,0.08758217137366656,0.005624011036720924,0.011105576149965709,0.0010938031724808395,0.2079875437162903,0.00924819900428985,0.0758777788752677,0.0018423576492364274,0.011590031109852792,0.0008226569748195897,1223476711405.3774,75379644421.40985,0.3584605965425818,0.0066781219140477684,0.18060803576360684,0.006909838102130471,244926195525.01443,14493079120.657156,0.15391382034192175,0.0015632829932755929,0.054656433599659285,0.0018160970776848462
Window RBF,10368,3947,5420,34.32987078794021,12.883521795272827,1.146334178584015,57.87422695159912,24.20611234079587,70.75774874687195,25.020177811621977,0.40039403293021797,0.01890357274666295,0.29218467662980796,0.0150689797370403,0.11646362332203555,0.00955547662749419,0.008308450554004984,0.0012966018838203777,0.008142258837810112,0.0012789509913866256,0.00010378098421898473,2.9295203041973957e-05,0.2300125428294278,0.004729042883834581,0.12491085594586054,0.0006115397129167609,0.02306399442743535,0.0009019597855192898,262869318799.559,24944563115.87132,0.09259039520502231,0.008249685687193482,0.01214241310232698,0.001833064280249452,0.21106994820234076,0.005140501122617365,0.07581930139973282,0.0045280789294691775,0.01177165125805734,0.0006886724238327352,1066901976904.1068,101050004095.66039,0.3720592264843345,0.013265739409966372,0.1950921315242782,0.014448921406833638,221628549284.08435,19057572983.750534,0.16095111908376156,0.004074154970014462,0.05977293243639204,0.003180590846722468
Window Cosine,6268,3947,9520,60.29896123638206,4.667354726791382,0.32396359065350666,29.78598198890686,7.221472500699925,34.45333671569824,7.486786247647698,0.3377755854722371,0.02021076807504116,0.23777674393304893,0.017798079722726828,0.08392403913866078,0.010737431898503628,0.009208075570443626,0.0015071456351318964,0.009035121542290872,0.0014682097620918448,0.0001263316817621725,4.079464793950529e-05,0.23728958860250163,0.012905623899465693,0.1275283507015613,0.00432887991358484,0.024647188891873183,0.0027033859188218532,247228843878.20428,13592402276.42532,0.08624647284454005,0.0043149613134243064,0.01085459391598197,0.000988982763742044,0.211403403186789,0.003952304939874606,0.07848239214470314,0.0031664577022481252,0.01165970686618545,0.0003981027396340733,1739836910795.42,63852848991.58621,0.3112999093251917,0.008615520568200459,0.13343157885904142,0.007284791447029364,331177625779.0505,11429856565.117542,0.1417281650818894,0.0038423742875606697,0.04410723989225082,0.002707997848380817
Window Linear,1393,3947,14395,91.1768431720294,0.38349037170410155,0.062450664361552895,11.40068736076355,2.5395073793848733,11.78417773246765,2.513220887141819,0.39114906567724644,0.035814584760686496,0.2981088168260078,0.029223473581317817,0.124324573769531,0.020795179321335986,0.017713853094180027,0.010650736432006366,0.017499851425752392,0.010523096595607172,0.0005901407032809833,0.0006975451158116935,0.23295621864075977,0.009690832270537054,0.1375386793759663,0.00787655045912629,0.027045898729497853,0.0031534608811735303,417690472467.44574,41279846072.47335,0.14377653187581238,0.01833977861448514,0.029478264287754786,0.006814268065598723,0.2219341748325205,0.0043820037854254,0.08697710422166434,0.0037090293701277574,0.013522610015345684,0.0006725985413723802,1566385784901.2056,76117886791.72874,0.6340483403211767,0.020462346117789652,0.5713730274353783,0.0387152949758271,330679376228.278,18934170624.479755,0.2196582206743975,0.008324882981166707,0.12772241915679802,0.01015272237202161
Window Clinear,6293,3947,9495,60.14061312389156,0.2549731731414795,0.0179927111712811,29.4578800201416,7.056150982441813,29.71285319328308,7.064013357146711,0.3467788106017313,0.02777639689491547,0.2443169491719167,0.022987783839470758,0.08849787678262896,0.014836120236862373,0.006248166326380585,0.0009304681855056622,0.006146063231242309,0.0009158484197010367,6.269934664706535e-05,1.8106724445639842e-05,0.23758777543226114,0.014777412845081562,0.12902273318675342,0.004736086760787626,0.02480561474200072,0.002949249543086181,254339087603.27365,33523328687.99575,0.09151054349700342,0.010421469961794983,0.012154534905952023,0.002229141624771517,0.21524828355494013,0.0048413318893760346,0.08120575064179701,0.0034264770649872845,0.011953976595229022,0.00036337661907828223,1659847067251.9485,73379729675.45506,0.31533189412559953,0.007453595016697114,0.13713178943224585,0.0067209475706228455,319031025809.3202,15611839574.679523,0.1445889889757187,0.00581776363260796,0.04576774863411728,0.003748472755237215
Window Rank,1423,3947,14365,90.98682543704079,0.40755295753479004,0.02199308500687377,9.976685285568237,2.4871162978952337,10.384238243103027,2.505900825921504,0.4027356103437647,0.022011455949811323,0.30881821697745304,0.017616094560021462,0.13261463904172732,0.011499670164311174,0.025854011023677598,0.012037689432730241,0.025428741548932262,0.011797235183742715,0.0010872997197802112,0.0011529630735963887,0.23441362745057298,0.007002105935803072,0.1379332716442189,0.004529247771749659,0.02651440502474962,0.0017062336424927224,403951568576.05396,42819303277.56561,0.14021115418349026,0.014295831624076185,0.028482360886723596,0.0050244849842016786,0.23037937755957466,0.01053114447213112,0.09046576209898599,0.00805021229427839,0.014667068061898445,0.001493554306406458,1521556246594.0752,155119755412.5887,0.6321739596220077,0.013537041266178397,0.5683559561036182,0.023515108907164038,320917969195.19586,32453254838.194874,0.22250518434584893,0.005649730913199879,0.1286202881397496,0.004949414370959855
Window Mahalanobis,1358,3947,14430,91.39853052951608,1.9173708438873291,0.266362423604839,11.494662380218506,4.186787353643228,13.412033224105835,4.099650327833752,0.40246691330039114,0.010324737013925146,0.30809585097820213,0.007389332288313513,0.130955590566965,0.0052948656198305785,0.01758289415349587,0.01001301706047114,0.017357735542816076,0.009871761038388134,0.0005355133723415209,0.0005202796582652814,0.2359581117605725,0.003195545051253087,0.13654241622533372,0.0051303940557852245,0.02693808787825339,0.0016123241221331257,384965895537.0289,23287116868.66406,0.1345911245121544,0.008712921663936448,0.026144334646116724,0.0027779206534806755,0.22370358359608425,0.014816672088156128,0.08943890657038864,0.00434346308179322,0.014560579793968456,0.001931008238298923,1518065465482.5935,119811975068.2533,0.6212298277792103,0.01443231052687752,0.5481420790893348,0.02451380388829972,317171893503.4403,19340874111.60175,0.21787597693468516,0.0029475920957993075,0.12454603089116342,0.004308773693234831
Window AR,6223,3947,9565,60.583987838864964,0.41309189796447754,0.07593652551729539,28.48843994140625,6.604568433752437,28.901531839370726,6.620445653921511,0.34081986498656974,0.009432310163696282,0.2395948715870893,0.007193642860290249,0.08568858092089555,0.004296120455694179,0.00845477720767626,0.0045205232690001635,0.00831684425845453,0.0044363125975718735,0.00011813346838480946,0.00011656340211624467,0.23838422365201592,0.002893269799299055,0.12833172191623088,0.0013162088984319297,0.02476576228889443,0.0006163846386773395,273414494488.63388,11158830372.950867,0.09524058504758959,0.005183406149202099,0.012768074051041736,0.0012693178661925789,0.21642337673220544,0.007594268603356363,0.0816154717767049,0.007899564749959143,0.012342801544943542,0.0010223093582249596,1702034191485.477,68753587176.01779,0.31714543785936156,0.010592496689768189,0.13904411114578202,0.008866969971211223,329241447662.4696,12672600531.723448,0.1450408220742385,0.0033663578156954274,0.04578791056999038,0.001766403064849372
Window Mean,5510,3947,10278,65.100076007094,22.581601715087892,1.700772284218036,19.385824251174927,12.102459512666876,41.967425966262816,13.714215714587779,0.3435081105375808,0.010659789969989715,0.24088947107090825,0.011981005531208455,0.08662646414811644,0.007119823233710174,0.015323115594174753,0.01110630921831057,0.015084950547849741,0.010917306146745877,0.0004220076579908049,0.0004871174329039469,0.23009794648435472,0.012002510019567545,0.12607729089338024,0.0032907424920916237,0.023493732575699224,0.001993618574023584,270656207819.38022,16351387292.974775,0.09251847968441211,0.004237650286944016,0.012154606927855038,0.001014495000468982,0.2178071679456745,0.010825139745362039,0.08775621171129203,0.007673633251540011,0.012951571319145887,0.0015667371714236538,1829988486798.8364,77308143173.63995,0.31058533832111423,0.01655896607763624,0.13306419473799505,0.01523555636485862,350107449103.1485,10197895365.321259,0.14548529037149288,0.003794382161865191,0.04478542956113369,0.0027671078222110236
Window Median,6268,3947,9520,60.29896123638206,22.581601715087892,1.700772284218036,27.30921664237976,3.988363713547901,49.89081835746765,5.267842004278308,0.3448464197155545,0.016501164583409184,0.2420720467000556,0.01642544211269009,0.08708722059453089,0.008716222602232544,0.007780510695802667,0.001685354650406802,0.0076590052170213896,0.001652687581076628,8.769480751958639e-05,3.712391588148792e-05,0.2360294310226594,0.00967929454211567,0.12822760453059362,0.0031184604935439323,0.024309148378820294,0.001904575783730803,263478494320.16666,25598772597.951824,0.092557870757076,0.008596181420781768,0.012265661447873681,0.002015442516281881,0.21877585259818572,0.005657319906676782,0.07993436269223286,0.003031179119996427,0.012396396310478987,0.0007585704700388816,1694138457404.0352,110312176579.73071,0.31230036622446333,0.009653277811229086,0.1345126587626822,0.008938516707266411,326269491954.1481,18930021971.2545,0.14379187602024057,0.0031791943490769164,0.045109796716984285,0.0020752690097472297
Binary Segmentation L1,5023,3947,10765,68.18469723840892,4.392484569549561,0.22167852767230778,18.214244079589843,3.627070190932485,22.606728649139406,3.775460644426706,0.3291203538539236,0.013484881270930038,0.22348447720137918,0.013739733813681368,0.07668781740870872,0.009043633005030886,0.014312054608953264,0.009707775060678136,0.014087475501076141,0.00956546721444792,0.00042696627400565034,0.0004734492232173851,0.22148928633054007,0.005264622062401832,0.12453926584731576,0.003346176379210595,0.021826036518212882,0.0011624597344041569,283486370529.01984,29608200726.232162,0.09926100129168484,0.015486309458672876,0.013984008489213428,0.004027582174676626,0.21946649710085317,0.006871399738134527,0.08243854475850351,0.003602995792027663,0.0126831018808663,0.0006979432803451117,1936096936780.1003,121198445772.00903,0.3106843390100163,0.02614566250681651,0.13307241722798213,0.0234467704420229,369930551218.2952,18319196055.779648,0.14241585060166267,0.00840757584479842,0.04311339129983153,0.0047624176928665034
Binary Segmentation L2,7613,3947,8175,51.77983278439321,1.0980568885803224,0.06370716786493508,36.59978928565979,9.627806677580828,37.69784617424011,9.641889288526166,0.3735476068194156,0.010328074275658594,0.26958673374946773,0.008502225552948316,0.10342236477343525,0.005918991415042908,0.009656837775706013,0.0034838154752417634,0.009455152142185447,0.0034097852807127116,0.00015731892433240948,8.469250684954281e-05,0.23204320515597082,0.011424274544953658,0.12655976036778158,0.003777126518454682,0.02362609819536649,0.0023434104713166296,252529827863.08536,28269498489.980194,0.08993460693784007,0.008469403909646978,0.01171362700055351,0.0017331953108050333,0.21987223093755573,0.008434880232707085,0.0788816820634484,0.003253821587054843,0.012781514193455972,0.0007019425512254222,1252425813786.251,81220255238.41008,0.35712014865548586,0.009684853875952412,0.1791211948001013,0.009674413548416578,250825940275.03235,16218377816.1928,0.15525634731936838,0.003719379909671419,0.05513701964787415,0.002604969738251828
Binary Segmentation Normal,7333,3947,8455,53.55333164428679,2.129117250442505,0.12267934406955733,45.765214157104495,12.575345563073084,47.894331407547,12.669248635554741,0.3740291525719426,0.03130930738282787,0.2685798919491946,0.025854178550068975,0.10295735074869074,0.016924280425340037,0.0064867910236054635,0.0015987060135485942,0.006369717806460535,0.0015706263146999576,6.799137017747908e-05,2.9103416296612988e-05,0.231287534943492,0.010657098757045336,0.12584539927226102,0.005334921253679098,0.023366949547548532,0.002098481722698801,257468781487.71265,13880729565.400154,0.09002516436959777,0.005460192036265509,0.01154593489532836,0.0010627756459571994,0.2151784142899973,0.0036199186345200816,0.07565814289096796,0.002787183495766072,0.012257527814400707,0.0005223895493501214,1362053464852.9946,115113335721.73737,0.34659551896057167,0.015710429666771025,0.16854960537922906,0.01584350346620653,269920374390.25372,21032059116.995346,0.152178972541509,0.007054280551414155,0.053124226625895825,0.005720779074874074
Binary Segmentation RBF,5158,3947,10630,67.32961743096023,644.4273478507996,28.67711850671859,27.616493892669677,10.221691973329316,672.0438417434692,37.110292773400445,0.3252606860991964,0.009934787653357497,0.22290711088669213,0.0077840144702557585,0.07582270621823053,0.004600357012500261,0.009330959741562748,0.0049443309324511435,0.009190024277648355,0.004880163360374442,0.00013900772639266495,0.00012379312772501538,0.2246544154925425,0.0034440668900698533,0.12500330903537962,0.002697231713378547,0.022286748644289527,0.000796778828336259,279140365086.3043,18830275839.45472,0.09583201165691131,0.008996158253857463,0.012966638205089457,0.002088552582040387,0.21771031309321848,0.0026723527328977553,0.08878229737848513,0.003248024124749388,0.012981320575210611,0.0006061308805894822,1835359116233.3552,110123099151.08485,0.30082707340485976,0.011662070352455313,0.12453471856325123,0.009887197667719443,352416580220.04675,18180868862.87106,0.1404236377733295,0.003192329007429517,0.041455189988744,0.002053527913161614
Binary Segmentation Cosine,7613,3947,8175,51.77983278439321,623.7717347621917,40.501788998326845,42.38201723098755,13.83336434634055,666.1537519931793,51.92315526118307,0.3519614529581109,0.017068442728569028,0.25157862238089795,0.015092106621817553,0.09198876306517179,0.008807773396166918,0.009106688214327235,0.003078495242958975,0.008936514105526748,0.003010037502415983,0.0001370573643058869,8.390322821373452e-05,0.2261977970823618,0.005223258339151875,0.12557096481540664,0.0005391220531256486,0.022618968921646377,0.0007579219327005335,263994602682.5612,32974923545.324146,0.09325313044024257,0.011687220490883242,0.012618323810991655,0.0025606403059402804,0.21234325713987678,0.0021788473449809225,0.07769112146415844,0.0028833972786891874,0.01182377475181642,0.00015622857380589704,1412194671448.1301,92029610691.80766,0.33776112219336474,0.005801270059103069,0.16009975772899412,0.005778079938810811,279364879021.90875,11270755762.925848,0.1491319125665995,0.0027848597523989936,0.049881107607154376,0.0019070011764214566
Binary Segmentation Linear,3868,3947,11920,75.50038003546997,3.008614349365234,0.5391127485268339,21.5189829826355,1.590482002186383,24.52759733200073,2.1266353888687206,0.3257466751453846,0.0037666827697347338,0.22303526837541354,0.00503444432768348,0.07633942588130427,0.002683872513142537,0.011241387453794056,0.0027036141258841126,0.011053680001158653,0.002637534023500572,0.00017714021627050547,7.229468161427256e-05,0.22519750432934338,0.0046981891418865955,0.1260680720743892,0.002033598337013952,0.022540736818617364,0.0008267692363302993,376023249557.9091,1795807915.374384,0.1286856553696319,0.0013941541679650777,0.023804019865870087,0.00047568217247315165,0.22037587218152116,0.00628635707813726,0.08826676957209287,0.006346483872163978,0.013306677892221556,0.0010512507457631588,1698417817037.2983,116303784387.00832,0.3135986548466214,0.00675120377933322,0.13560614244085872,0.005994147718808585,345740177765.98096,19365002664.151745,0.14845135003988494,0.0016824219283079445,0.045295690519190385,0.0007972126996663018
Binary Segmentation Clinear,15528,3947,260,1.6468203699011907,2.202602910995483,0.3639985532919622,99.82966933250427,37.06485882016716,102.03227224349976,37.19667648207746,0.42127912851441807,0.01655917635892572,0.30960799564295344,0.012824593999792338,0.12836732430003994,0.009502534951782158,0.008418483893992705,0.0010987966268371232,0.008238361362801561,0.0010796696310048173,0.00010039556765624626,2.4059511223807415e-05,0.23938459153823483,0.005508629058510821,0.12682045609042508,0.002482107432464301,0.024938382750521598,0.0011040446254710246,291198932481.457,22936937586.54057,0.10750337795760627,0.016709823119996466,0.015746361098820702,0.004483321532598299,0.21585980904546942,0.010305723110476828,0.07465944813108373,0.0027433071289993034,0.012139436636476793,0.0008071271998542368,1069752547624.5669,53055936388.72217,0.36676054573025924,0.007229033386701698,0.18955225644135512,0.007388106701186853,226825246684.48135,10684124300.591255,0.16559836415252158,0.002283303697930409,0.061807359465811784,0.0021593991131032314
Binary Segmentation Rank,5893,3947,9895,62.67418292373955,2.008177709579468,0.3863078032531303,31.8556809425354,15.741311909504658,33.86385865211487,16.093709500672432,0.336082256685179,0.007335960539916987,0.23400731796919746,0.006886248052899653,0.08241540158558752,0.0037167610294576345,0.008381612190610899,0.0013815504612295082,0.008257312787735734,0.0013480791759373522,0.00010333429922131265,3.272193782252501e-05,0.23323857321310432,0.003346485826028462,0.12646476996370026,0.0008422401236354715,0.02376345734428331,0.0005889160574402952,273822622611.9116,26852514074.92832,0.09440539384601422,0.006502266154508173,0.012690053822478543,0.0016125710011052113,0.21763086541735993,0.006037490912486745,0.0794199866282728,0.005210221634613908,0.012357523967671697,0.0005093653585314857,1811265535939.6384,86014398816.06792,0.313925128380379,0.014073663941496608,0.1357512951689234,0.012660668880715105,347514693092.0383,10201261518.638737,0.14274665159588332,0.0026312834325719348,0.04451351103136099,0.0020636880650198026
Binary Segmentation Mahalanobis,6023,3947,9765,61.85077273878895,672.7230150222779,109.00053369092927,44.49165158271789,25.572399846054992,717.2146666049957,132.11773016436524,0.33568464486759353,0.007616610245189863,0.23271630217230468,0.005911504257214738,0.08186063729729245,0.004125543620725473,0.00853048898973611,0.005322950069319699,0.00839767167097669,0.005244144968395364,0.00013246403845261435,0.00016009858529395803,0.23168470938189037,0.004721668310292316,0.12762120568446172,0.0016246067690689199,0.02365131848073141,0.000628568289079756,283518709442.76434,14942145403.851694,0.09576661005325807,0.004625166210496124,0.013011711873664287,0.0011263804416899172,0.21537748415260394,0.010010823898340739,0.07753622425981976,0.003186468299286392,0.012335770351788825,0.00116046690754882,1659448636036.0596,136078679629.91998,0.31931930662717867,0.011583621466156152,0.14094703588783877,0.010727559579877751,323827890913.2541,21248743244.676205,0.14355955341133322,0.0035933392262204773,0.04532315632162805,0.0022268202921505833
Binary Segmentation AR,9633,3947,6155,38.985305295160884,6.724923801422119,1.6831222197555025,51.46036796569824,19.043163139194014,58.18529176712036,20.631442942218605,0.38088114225091946,0.012688813277303267,0.27704073378444016,0.009579469718215534,0.10665729633247704,0.006810731459301612,0.0076757291424666965,0.0015794450948424723,0.007532859667514932,0.0015557310081781655,9.641980401862385e-05,5.40136196213489e-05,0.2272846821560457,0.00807763992865537,0.12427813509732434,0.0017158304313878053,0.02268179693661917,0.0013969658122781714,260960393373.57675,19652574440.848225,0.0922883823363004,0.008213159780216866,0.0120516962917309,0.0018204659477421114,0.21133287839605572,0.0035217060199670487,0.07710238320077692,0.0033171538152820825,0.011838401897602439,0.000354163211059976,1109627858316.0254,107984389686.5381,0.36972716206404965,0.019963175357653493,0.19341886601627525,0.02067692704678823,228431375281.73666,16576728596.091301,0.1579949426917345,0.004267184251763858,0.05779074621312055,0.004104934942035874
Binary Segmentation Mean,7369,3947,8419,53.325310362300485,1962.486075115204,174.07130489815464,46.310110569000244,15.605303976161217,2008.7961856842041,185.26215510004263,0.3805974031744401,0.013503213066528418,0.27465588987708855,0.011043961199734553,0.1071221664381963,0.008079244482004838,0.007083341732161673,0.0007332732972628374,0.006952532555195209,0.000708008758776542,7.856025080261954e-05,2.021609151888777e-05,0.23323669974460165,0.006457117026747224,0.12579727675228747,0.001937915345196416,0.023769541547695953,0.0011964778767407191,262551356933.80743,13989877417.924839,0.09077329248510645,0.004150318546262203,0.011827202898624387,0.0009660967863390961,0.21500187488228076,0.004213274499348939,0.07719831853995032,0.0031860535127975157,0.012339382816007204,0.0005966958372808603,1384879024693.5989,142007095687.55722,0.33905495547521397,0.017789028532107704,0.16081981308981755,0.017362891793655806,274571730271.3682,23157377865.173115,0.15240537761414044,0.0035564081371574755,0.05265944450685736,0.0038487510819753303
Binary Segmentation Median,6678,3947,9110,57.70205219153788,1962.486075115204,174.07130489815464,62.903677749633786,32.29237974869073,2025.3897528648376,202.9039032139494,0.3464040764420559,0.008354869865761104,0.2459597463180005,0.009537738894950432,0.0889640780616829,0.005223700685405941,0.007457434972251516,0.0018581969537790296,0.007325004066074478,0.0018170819059911934,9.555515562405228e-05,5.20833925792568e-05,0.23253835839414597,0.005478809560015485,0.12714356908687868,0.0028445388268417866,0.023736826885268077,0.0011043764558406166,267578927626.09073,31993805374.701977,0.09344641728850565,0.011529635115506294,0.012461474036526865,0.002720821922953339,0.21021452929278367,0.007204749164950066,0.07939933958874949,0.0036450805694897823,0.011601037722573388,0.0006749161514485488,1582400680297.3953,40115882003.06735,0.32260921848780455,0.014604448845041341,0.14470491616043632,0.013079506058534817,308329934654.03284,6984206650.112805,0.14598054913933556,0.0020251769576461317,0.04692731467035194,0.002077387505843526
Bottom Up L1,5543,3947,10245,64.89105649860653,1.1587974548339843,1.5066068385786509,48.1895037651062,41.65138144143373,49.34830121994018,43.12879884237483,0.32931539181870245,0.010857598467211443,0.22712781790780562,0.01178739546329989,0.07830890503722623,0.00678742623902881,0.007735709559967442,0.001769257354038855,0.007617576193437708,0.0017533648527184261,8.872466128032885e-05,3.5484926303564825e-05,0.22719696464211162,0.0043337786745928095,0.125683571282735,0.0017782933681049862,0.022707586689752014,0.0008601570152326622,268853893897.69702,20857439674.265156,0.0926835421516797,0.007995476663877689,0.012244529018858445,0.0019329581994851188,0.21298841182641104,0.0027939860867801014,0.0774829849317538,0.003294975148622339,0.011902564388665089,0.0002849410705265965,1733597979142.9849,106894264046.54166,0.31653559080103294,0.006353249055245623,0.13795822764509547,0.006358505458628136,333741978840.22626,18929664733.20925,0.14118851387807416,0.002074372838304497,0.043868422906812934,0.0016168458172611108
Bottom Up L2,7618,3947,8170,51.748163161895114,0.5184723854064941,0.45079678399448975,55.46498513221741,40.69262636610961,55.983457517623904,41.13764595577946,0.37255937904638525,0.01757010788251407,0.2689690750549762,0.014147339759679856,0.10331386280467963,0.00911117462816829,0.009210920408026981,0.0034990313179078347,0.009031647266934461,0.0034108805789099137,0.0001304775211629763,8.989056337586116e-05,0.22778477201551722,0.008568391139069298,0.12603669396074224,0.00270570618813341,0.022872406488325035,0.0015243540381559674,261565023468.8547,27013947376.353943,0.0930784763319688,0.009627981106409781,0.012384004432367705,0.002222534647510057,0.21211191074033317,0.005225218840184253,0.07935411495740538,0.006377529878640836,0.011763680340018508,0.00041764407672382315,1257083506024.3347,146603395196.58798,0.3539342539228014,0.017149250564807893,0.17628540275280838,0.017615242058996956,253108088249.00027,21891284433.98688,0.15506737691580486,0.005603652609601259,0.05445830572322703,0.004206005023020049
Bottom Up Normal,5743,3947,10045,63.62427159868255,0.5579219818115234,0.10015721621286261,26.57903323173523,2.3600187183733228,27.136955213546752,2.3009274769868684,0.34002742891076515,0.013798525628054252,0.23878631435834252,0.01127364279861831,0.08476799529865259,0.006944174458741707,0.008026573414123656,0.0008473650546156783,0.007898045778260435,0.0008166426971064998,9.818963035669252e-05,1.575181543827304e-05,0.23373849561463148,0.015006679662317855,0.12752259045537895,0.004010450071223947,0.024073857450355975,0.002896914169932985,262881215216.12433,28242223519.83693,0.09216252054086649,0.007005827124175932,0.012297045950658031,0.0012637744008426918,0.21705550929089013,0.006122236085661758,0.0747184011774543,0.0017408737902786168,0.012477485143808932,0.0004819912216546632,1780426912162.0042,63091419135.69574,0.3093287693523052,0.014197941177377932,0.13198550543592044,0.012768599665683432,340551354563.133,10106281421.358707,0.14173610694376815,0.004012338520203086,0.04428334648495878,0.002892673604409154
Bottom Up RBF,6033,3947,9755,61.787433493792754,13.120895147323608,0.7311870965962738,33.39702796936035,14.919349096886322,46.51792311668396,15.373168654559299,0.34178443851125034,0.018004540830953736,0.23990945023815904,0.015321463226253648,0.08633651534624881,0.00886989776403669,0.010606906165513534,0.005922742271223109,0.010459243491910634,0.005843498651877896,0.00017710615527751901,0.00015529932771021228,0.23374562599031112,0.003573581885693468,0.12688774653923274,0.001737673223601348,0.023826929852571288,0.0007389742968624611,246927231924.4395,14008340400.735714,0.0861424842134732,0.003605077532283641,0.010821919678156499,0.0006604888728224332,0.2141924210700448,0.005728553389807165,0.08106107442644865,0.0026746526744598482,0.012013154912393662,0.0005467052820720757,1661514465458.9734,72554816214.13142,0.3183867916087151,0.01453298187695524,0.14061012186180039,0.013694445755297225,318073616230.68677,13882209994.068012,0.14380779841965663,0.0036838040138785473,0.045630957967741345,0.0033866586930028433
Bottom Up Cosine,9198,3947,6590,41.74056245249557,6.162051820755005,0.5514445370934044,43.76721773147583,18.37781656882265,49.929269552230835,18.871666910201906,0.3699062344131053,0.011877584862881893,0.2687102681139242,0.009957646277082885,0.10148266319258803,0.0054817056954284534,0.008963468909929872,0.0032426027503869408,0.008801806905051904,0.0032030615942762225,0.0001198220586579215,7.133895987667363e-05,0.22110375800469026,0.009327135269623678,0.12374591297604418,0.001952643659184755,0.02174886386448412,0.0014644382495383104,265268441961.08536,24063322039.37935,0.09372635623240821,0.010149485419593852,0.012488650424290659,0.0022909381115767827,0.21249432231031418,0.005967349895935216,0.07363238898468957,0.0008166340331662933,0.012091021992559075,0.0006652344237074017,1135830389989.1567,55547263509.63532,0.36666530132119524,0.00604150339655136,0.18981862072377592,0.006012444440237663,233516471991.8396,7275142881.323323,0.15588033908888574,0.003220293990881982,0.05629160704272592,0.0015945180198678572
Bottom Up Linear,1408,3947,14380,91.08183430453509,0.44881677627563477,0.15838314538969847,12.620414543151856,4.486238355895862,13.069231319427491,4.524594724277187,0.36916052089582946,0.019131413649472573,0.2802019782603962,0.016674554157466274,0.11167422801948168,0.0103667969689626,0.018253793407285102,0.005047000744943024,0.01797880844677629,0.004971707402726104,0.0004674832322513294,0.0001927220823296735,0.22805791801435119,0.007551961912505555,0.13448842049766513,0.00329435599686363,0.025355790252241273,0.001409327702668636,400356944073.24286,28284572562.195717,0.13699148361780905,0.0072165824427113355,0.026891629212627284,0.002800930713471195,0.22280768372721013,0.01060668704509382,0.08698343301594852,0.005882927708417475,0.014146465265328232,0.0017039806751915415,1574533614741.1006,196267066024.93988,0.618271790826956,0.03099709665532912,0.542869976713213,0.055919496403414586,329148426469.2173,33591169362.57504,0.2124859857775927,0.007518356310898194,0.12023426211585721,0.010633491117710881
Bottom Up Clinear,13178,3947,2610,16.531542944008105,0.28957338333129884,0.04867951767749942,55.759856605529784,11.52261518376064,56.049429988861085,11.541816088104445,0.39263662745637123,0.012797131753570749,0.2871820319308358,0.010361735121493494,0.11417856962119209,0.007712667881502455,0.011900150753185495,0.003694975210842511,0.011636318298061494,0.003594825903135877,0.00020467090466406776,0.00011351131881036543,0.24138989231114513,0.01353861714665374,0.12908792783167453,0.004696970129918865,0.025511278637186104,0.0028209367834991297,284157673672.3317,15275579080.835617,0.10091450376276564,0.010847143541387298,0.014027416474063444,0.002539668533284176,0.2169433867329092,0.006063405074254044,0.07720735219354481,0.00501457271914308,0.012341608091041442,0.000471306376390776,1258134769272.984,103918965640.59576,0.35293579717498225,0.01609647359995039,0.17532608125257282,0.016003080808090743,257048740491.02832,19153005829.12788,0.15982732186531068,0.0023742723728481904,0.05693160416345336,0.00285698310004608
Bottom Up Rank,7283,3947,8505,53.8700278692678,0.5847516059875488,0.09057516705756188,38.05710239410401,9.39825116129844,38.641854000091556,9.413859770469372,0.36047185269664855,0.014729689018232052,0.2585663103276884,0.01122386328525345,0.09682902859866156,0.007251764958071156,0.009961440691635067,0.0047177677985694695,0.009758714966108854,0.004621392469532105,0.00015982955668642656,0.00011281908221669442,0.2318624701567194,0.008503657916130544,0.12636554601755734,0.002816854270993541,0.02355907694083525,0.001529404505362233,253224774027.68704,12604931797.49824,0.08807309785924836,0.003658573698925442,0.011170423631008149,0.000839919938843792,0.21794549041986871,0.007626845043672759,0.07704718616120364,0.003013607726166902,0.012424706217215191,0.0006512505074675979,1437837329292.719,121150016228.02756,0.3373149358368247,0.01468277499663203,0.15921804702440598,0.014355655065961249,281843683886.8645,19781888812.426598,0.14952096519477204,0.003516301847239561,0.05056018532813548,0.002797438605780007
Bottom Up Mahalanobis,12078,3947,3710,23.49885989359007,3.0493653297424315,0.4340771789483069,76.39381232261658,23.881093769305846,79.44317765235901,24.235017521246075,0.3933619212958635,0.006871832509062243,0.28721316132360386,0.004738398190425479,0.11338712296511132,0.0033271208143432355,0.009834965550667861,0.0018743097539207659,0.009631086616415098,0.0018435155626489454,0.0001385266529143707,4.4160643704306665e-05,0.23063674057309466,0.012035064016852842,0.12467804832006639,0.004109387582131697,0.0232484497476303,0.0023094105145900733,251452293077.4732,4073557387.192691,0.08648379909072229,0.0030540875002991108,0.010618261756014831,0.0006124360331151367,0.20766813262657233,0.0059418719769308145,0.07647603502182133,0.004526708630044315,0.011401900328619853,0.0003026286099180536,1138910462129.1008,105142125267.12624,0.36118693812550196,0.010784510559726733,0.18388015410810984,0.011549617791600462,231727125867.9014,17381014564.353607,0.15761151141635504,0.0015796237156839935,0.05711240259306678,0.0020260802910734644
Bottom Up AR,7373,3947,8415,53.299974664302,0.4157263278961182,0.055971069648533565,45.61336722373962,22.834107559812605,46.02909355163574,22.8679900741275,0.3617014704491864,0.012618063416936167,0.25966883966434623,0.010301525415767551,0.09725101745663677,0.006869875623148987,0.01016978588454252,0.006807431699762247,0.009973646149091273,0.006666056823241664,0.00018445695723002335,0.0002345444035385945,0.2313693178830769,0.007964174929355201,0.12598239800601588,0.002864748406144609,0.02334783318929658,0.0015643173471439102,266784526874.08063,22933519756.22036,0.0916859824644862,0.006926204344193372,0.012061464813013718,0.0015869316690974012,0.21115794642873498,0.002532193565150155,0.08097751817048368,0.003945091205560976,0.011995250123122542,0.0005512202971342793,1339246893654.404,70151115531.21005,0.33475353037020467,0.01383799314378138,0.15706345683990028,0.012466832622137077,267671903421.54178,13610258174.735312,0.1505069858041047,0.004066148178579997,0.05031724656319996,0.0031306159769210603
Bottom Up Mean,7546,3947,8242,52.204205725867745,26.306372213363648,3.598740227751128,27.069343757629394,5.502019889298524,53.37571597099304,7.083209830308092,0.3809165419785606,0.01395581189811084,0.2740825423210724,0.011710793817410251,0.10614576381380844,0.007414054696443793,0.009603958617143983,0.0041288140220432125,0.009409847780078551,0.004052348661963668,0.00018530961197764858,0.0001897061403946174,0.23358985746953154,0.00893631089263454,0.12860791257851892,0.0033623504521211284,0.024084923504924954,0.0018619274926416748,257557340673.51855,18206184634.636246,0.08816637248393888,0.003952833966510921,0.011232817190837506,0.0009991731889301546,0.21675278488447905,0.003327734996623904,0.07918678469402979,0.004800404725826698,0.01237119529277792,0.00028805114778904944,1301704918327.9475,107223953510.88269,0.3654297208714663,0.010749095199780139,0.18729370567964243,0.011720489473167563,259877043167.0584,16786352251.003946,0.15748053012151758,0.0036439946412278063,0.05688561918232812,0.0027953914896923235
Bottom Up Median,7328,3947,8460,53.58500126678491,26.306372213363648,3.598740227751128,37.16450581550598,11.598899287070948,63.47087802886963,13.674105718416147,0.376167679528086,0.02052227136821631,0.27201946238637875,0.016899214250720104,0.10460013344580901,0.010669376689200656,0.006500003352366931,0.0006896239394830825,0.00636905518785035,0.0006595920788426928,7.335360994222836e-05,2.1633786344390248e-05,0.23355360089724758,0.007890746484808309,0.126697600612609,0.003137143005319094,0.023807295467628373,0.001491000799641689,246043100730.94336,24436683947.033447,0.08667822877108142,0.006567043003142392,0.011167834841535794,0.001192621903909543,0.21637547911340083,0.01470148993490187,0.07881835123420768,0.003886185210720097,0.01221820616227557,0.0009837180339776607,1399288870818.0134,157897569671.02628,0.34774794037847656,0.017577108407763938,0.1697664075826136,0.01829621231927525,274221995258.29703,27056048727.573704,0.15305510642843406,0.004582211702389863,0.05360553851830083,0.004343057682660013
